UTC,SMT,ローカル時刻,GPS時刻,緯度(度表示),経度(度表示),緯度,,,経度,,,針路,船速,水深,水温,船首方位,流向,流速
,,,,,,度,分,SN,度,分,EW,,,,,,,
2026/5/20 15:00,2026/5/21 0:00,2026/5/21 0:00,2026/5/21 0:00,34.24074,132.55365,34,14.444,N,132,33.219,E,256.4,0,,19.5,217.6,,
2026/5/20 15:01,2026/5/21 0:01,2026/5/21 0:01,2026/5/21 0:01,34.240737,132.553648,34,14.444,N,132,33.219,E,256.4,0,,19.5,217.6,,
2026/5/20 15:02,2026/5/21 0:02,2026/5/21 0:02,2026/5/21 0:02,34.24074,132.553647,34,14.444,N,132,33.219,E,256.4,0,,19.5,217.6,,
2026/5/20 15:03,2026/5/21 0:03,2026/5/21 0:03,2026/5/21 0:03,34.240742,132.553637,34,14.445,N,132,33.218,E,256.4,0,,19.5,217.6,,
2026/5/20 15:04,2026/5/21 0:04,2026/5/21 0:04,2026/5/21 0:04,34.240745,132.553625,34,14.445,N,132,33.218,E,256.4,0,,19.5,217.6,,
2026/5/20 15:05,2026/5/21 0:05,2026/5/21 0:05,2026/5/21 0:05,34.240752,132.553625,34,14.445,N,132,33.218,E,256.4,0,,19.5,217.6,,
2026/5/20 15:06,2026/5/21 0:06,2026/5/21 0:06,2026/5/21 0:06,34.240745,132.553632,34,14.445,N,132,33.218,E,256.4,0,,19.5,217.6,,
2026/5/20 15:07,2026/5/21 0:07,2026/5/21 0:07,2026/5/21 0:07,34.24074,132.553633,34,14.444,N,132,33.218,E,256.4,0,,19.5,217.6,,
2026/5/20 15:08,2026/5/21 0:08,2026/5/21 0:08,2026/5/21 0:08,34.24073,132.553635,34,14.444,N,132,33.218,E,256.4,0,,19.5,217.6,,
2026/5/20 15:09,2026/5/21 0:09,2026/5/21 0:09,2026/5/21 0:09,34.240727,132.553633,34,14.444,N,132,33.218,E,256.4,0,,19.5,217.6,,
2026/5/20 15:10,2026/5/21 0:10,2026/5/21 0:10,2026/5/21 0:10,34.240725,132.55363,34,14.443,N,132,33.218,E,256.4,0,,19.5,217.6,,
2026/5/20 15:11,2026/5/21 0:11,2026/5/21 0:11,2026/5/21 0:11,34.24072,132.55363,34,14.443,N,132,33.218,E,256.4,0,,19.5,217.7,,
2026/5/20 15:12,2026/5/21 0:12,2026/5/21 0:12,2026/5/21 0:12,34.240723,132.55363,34,14.443,N,132,33.218,E,256.4,0,,19.5,217.7,,
2026/5/20 15:13,2026/5/21 0:13,2026/5/21 0:13,2026/5/21 0:13,34.24072,132.55363,34,14.443,N,132,33.218,E,256.4,0,,19.5,217.6,,
2026/5/20 15:14,2026/5/21 0:14,2026/5/21 0:14,2026/5/21 0:14,34.240705,132.55365,34,14.442,N,132,33.219,E,256.4,0,,19.5,217.6,,
2026/5/20 15:15,2026/5/21 0:15,2026/5/21 0:15,2026/5/21 0:15,34.240708,132.553655,34,14.442,N,132,33.219,E,256.4,0,,19.5,217.6,,
2026/5/20 15:16,2026/5/21 0:16,2026/5/21 0:16,2026/5/21 0:16,34.240715,132.553662,34,14.443,N,132,33.22,E,256.4,0,,19.5,217.6,,
2026/5/20 15:17,2026/5/21 0:17,2026/5/21 0:17,2026/5/21 0:17,34.240725,132.553662,34,14.443,N,132,33.22,E,256.4,0,,19.5,217.6,,
2026/5/20 15:18,2026/5/21 0:18,2026/5/21 0:18,2026/5/21 0:18,34.240725,132.553665,34,14.443,N,132,33.22,E,256.4,0,,19.5,217.6,,
2026/5/20 15:19,2026/5/21 0:19,2026/5/21 0:19,2026/5/21 0:19,34.240725,132.553663,34,14.443,N,132,33.22,E,256.4,0,,19.5,217.6,,
2026/5/20 15:20,2026/5/21 0:20,2026/5/21 0:20,2026/5/21 0:20,34.240715,132.553663,34,14.443,N,132,33.22,E,256.4,0,,19.5,217.6,,
2026/5/20 15:21,2026/5/21 0:21,2026/5/21 0:21,2026/5/21 0:21,34.240712,132.553658,34,14.443,N,132,33.219,E,256.4,0,,19.5,217.6,,
2026/5/20 15:22,2026/5/21 0:22,2026/5/21 0:22,2026/5/21 0:22,34.240705,132.553665,34,14.442,N,132,33.22,E,256.4,0,,19.5,217.6,,
2026/5/20 15:23,2026/5/21 0:23,2026/5/21 0:23,2026/5/21 0:23,34.240708,132.553653,34,14.442,N,132,33.219,E,256.4,0,,19.5,217.6,,
2026/5/20 15:24,2026/5/21 0:24,2026/5/21 0:24,2026/5/21 0:24,34.240705,132.553653,34,14.442,N,132,33.219,E,256.4,0,,19.5,217.6,,
2026/5/20 15:25,2026/5/21 0:25,2026/5/21 0:25,2026/5/21 0:25,34.240708,132.553657,34,14.442,N,132,33.219,E,256.4,0,,19.5,217.6,,
2026/5/20 15:26,2026/5/21 0:26,2026/5/21 0:26,2026/5/21 0:26,34.240712,132.553647,34,14.443,N,132,33.219,E,256.4,0,,19.5,217.6,,
2026/5/20 15:27,2026/5/21 0:27,2026/5/21 0:27,2026/5/21 0:27,34.240712,132.553647,34,14.443,N,132,33.219,E,256.4,0,,19.5,217.6,,
2026/5/20 15:28,2026/5/21 0:28,2026/5/21 0:28,2026/5/21 0:28,34.240712,132.553637,34,14.443,N,132,33.218,E,256.4,0,,19.4,217.6,,
2026/5/20 15:29,2026/5/21 0:29,2026/5/21 0:29,2026/5/21 0:29,34.240705,132.553638,34,14.442,N,132,33.218,E,256.4,0,,19.4,217.6,,
2026/5/20 15:30,2026/5/21 0:30,2026/5/21 0:30,2026/5/21 0:30,34.240698,132.553647,34,14.442,N,132,33.219,E,256.4,0,,19.5,217.6,,
2026/5/20 15:31,2026/5/21 0:31,2026/5/21 0:31,2026/5/21 0:31,34.240695,132.55365,34,14.442,N,132,33.219,E,256.4,0,,19.4,217.6,,
2026/5/20 15:32,2026/5/21 0:32,2026/5/21 0:32,2026/5/21 0:32,34.240692,132.553648,34,14.442,N,132,33.219,E,256.4,0,,19.5,217.6,,
2026/5/20 15:33,2026/5/21 0:33,2026/5/21 0:33,2026/5/21 0:33,34.240693,132.553652,34,14.442,N,132,33.219,E,256.4,0,,19.4,217.6,,
2026/5/20 15:34,2026/5/21 0:34,2026/5/21 0:34,2026/5/21 0:34,34.240702,132.553645,34,14.442,N,132,33.219,E,256.4,0,,19.5,217.6,,
2026/5/20 15:35,2026/5/21 0:35,2026/5/21 0:35,2026/5/21 0:35,34.240705,132.553647,34,14.442,N,132,33.219,E,256.4,0,,19.4,217.6,,
2026/5/20 15:36,2026/5/21 0:36,2026/5/21 0:36,2026/5/21 0:36,34.24071,132.553643,34,14.443,N,132,33.219,E,256.4,0,,19.5,217.6,,
2026/5/20 15:37,2026/5/21 0:37,2026/5/21 0:37,2026/5/21 0:37,34.240717,132.553647,34,14.443,N,132,33.219,E,256.4,0,,19.4,217.6,,
2026/5/20 15:38,2026/5/21 0:38,2026/5/21 0:38,2026/5/21 0:38,34.240722,132.55365,34,14.443,N,132,33.219,E,256.4,0,,19.4,217.6,,
2026/5/20 15:39,2026/5/21 0:39,2026/5/21 0:39,2026/5/21 0:39,34.240723,132.553652,34,14.443,N,132,33.219,E,256.4,0,,19.4,217.6,,
2026/5/20 15:40,2026/5/21 0:40,2026/5/21 0:40,2026/5/21 0:40,34.240718,132.553658,34,14.443,N,132,33.219,E,256.4,0,,19.4,217.6,,
2026/5/20 15:41,2026/5/21 0:41,2026/5/21 0:41,2026/5/21 0:41,34.240717,132.553665,34,14.443,N,132,33.22,E,256.4,0,,19.4,217.6,,
2026/5/20 15:42,2026/5/21 0:42,2026/5/21 0:42,2026/5/21 0:42,34.240712,132.553662,34,14.443,N,132,33.22,E,256.4,0,,19.4,217.6,,
2026/5/20 15:43,2026/5/21 0:43,2026/5/21 0:43,2026/5/21 0:43,34.240713,132.553652,34,14.443,N,132,33.219,E,256.4,0,,19.4,217.6,,
2026/5/20 15:44,2026/5/21 0:44,2026/5/21 0:44,2026/5/21 0:44,34.24072,132.553647,34,14.443,N,132,33.219,E,256.4,0,,19.4,217.6,,
2026/5/20 15:45,2026/5/21 0:45,2026/5/21 0:45,2026/5/21 0:45,34.240723,132.553645,34,14.443,N,132,33.219,E,256.4,0,,19.4,217.6,,
2026/5/20 15:46,2026/5/21 0:46,2026/5/21 0:46,2026/5/21 0:46,34.24072,132.553647,34,14.443,N,132,33.219,E,256.4,0,,19.4,217.6,,
2026/5/20 15:47,2026/5/21 0:47,2026/5/21 0:47,2026/5/21 0:47,34.240722,132.553647,34,14.443,N,132,33.219,E,256.4,0,,19.4,217.6,,
2026/5/20 15:48,2026/5/21 0:48,2026/5/21 0:48,2026/5/21 0:48,34.240723,132.553643,34,14.443,N,132,33.219,E,256.4,0,,19.4,217.6,,
2026/5/20 15:49,2026/5/21 0:49,2026/5/21 0:49,2026/5/21 0:49,34.240725,132.55364,34,14.443,N,132,33.218,E,256.4,0,,19.4,217.6,,
2026/5/20 15:50,2026/5/21 0:50,2026/5/21 0:50,2026/5/21 0:50,34.240735,132.55363,34,14.444,N,132,33.218,E,256.4,0,,19.4,217.6,,
2026/5/20 15:51,2026/5/21 0:51,2026/5/21 0:51,2026/5/21 0:51,34.240745,132.553633,34,14.445,N,132,33.218,E,256.4,0,,19.4,217.6,,
2026/5/20 15:52,2026/5/21 0:52,2026/5/21 0:52,2026/5/21 0:52,34.240735,132.553643,34,14.444,N,132,33.219,E,256.4,0,,19.4,217.6,,
2026/5/20 15:53,2026/5/21 0:53,2026/5/21 0:53,2026/5/21 0:53,34.240727,132.55365,34,14.444,N,132,33.219,E,256.4,0,,19.4,217.6,,
2026/5/20 15:54,2026/5/21 0:54,2026/5/21 0:54,2026/5/21 0:54,34.24073,132.55364,34,14.444,N,132,33.218,E,256.4,0,,19.4,217.6,,
2026/5/20 15:55,2026/5/21 0:55,2026/5/21 0:55,2026/5/21 0:55,34.240737,132.553643,34,14.444,N,132,33.219,E,256.4,0,,19.4,217.6,,
2026/5/20 15:56,2026/5/21 0:56,2026/5/21 0:56,2026/5/21 0:56,34.240728,132.553647,34,14.444,N,132,33.219,E,256.4,0,,19.4,217.6,,
2026/5/20 15:57,2026/5/21 0:57,2026/5/21 0:57,2026/5/21 0:57,34.240727,132.55365,34,14.444,N,132,33.219,E,256.4,0,,19.4,217.6,,
2026/5/20 15:58,2026/5/21 0:58,2026/5/21 0:58,2026/5/21 0:58,34.24073,132.55365,34,14.444,N,132,33.219,E,256.4,0,,19.4,217.6,,
2026/5/20 15:59,2026/5/21 0:59,2026/5/21 0:59,2026/5/21 0:59,34.24074,132.553647,34,14.444,N,132,33.219,E,256.4,0,,19.4,217.6,,
2026/5/20 16:00,2026/5/21 1:00,2026/5/21 1:00,2026/5/21 1:00,34.240742,132.553642,34,14.445,N,132,33.219,E,256.4,0,,19.4,217.6,,
2026/5/20 16:01,2026/5/21 1:01,2026/5/21 1:01,2026/5/21 1:01,34.24074,132.553642,34,14.444,N,132,33.219,E,256.4,0,,19.4,217.6,,
2026/5/20 16:02,2026/5/21 1:02,2026/5/21 1:02,2026/5/21 1:02,34.240733,132.553652,34,14.444,N,132,33.219,E,256.4,0,,19.4,217.6,,
2026/5/20 16:03,2026/5/21 1:03,2026/5/21 1:03,2026/5/21 1:03,34.240733,132.553653,34,14.444,N,132,33.219,E,256.4,0,,19.4,217.6,,
2026/5/20 16:04,2026/5/21 1:04,2026/5/21 1:04,2026/5/21 1:04,34.240737,132.55365,34,14.444,N,132,33.219,E,256.4,0,,19.4,217.6,,
2026/5/20 16:05,2026/5/21 1:05,2026/5/21 1:05,2026/5/21 1:05,34.240737,132.55364,34,14.444,N,132,33.218,E,256.4,0,,19.4,217.6,,
2026/5/20 16:06,2026/5/21 1:06,2026/5/21 1:06,2026/5/21 1:06,34.240733,132.553645,34,14.444,N,132,33.219,E,256.4,0,,19.3,217.6,,
2026/5/20 16:07,2026/5/21 1:07,2026/5/21 1:07,2026/5/21 1:07,34.240723,132.553652,34,14.443,N,132,33.219,E,256.4,0,,19.4,217.6,,
2026/5/20 16:08,2026/5/21 1:08,2026/5/21 1:08,2026/5/21 1:08,34.240732,132.55364,34,14.444,N,132,33.218,E,256.4,0,,19.3,217.6,,
2026/5/20 16:09,2026/5/21 1:09,2026/5/21 1:09,2026/5/21 1:09,34.24073,132.553637,34,14.444,N,132,33.218,E,256.4,0,,19.3,217.6,,
2026/5/20 16:10,2026/5/21 1:10,2026/5/21 1:10,2026/5/21 1:10,34.240723,132.553643,34,14.443,N,132,33.219,E,256.4,0,,19.3,217.6,,
2026/5/20 16:11,2026/5/21 1:11,2026/5/21 1:11,2026/5/21 1:11,34.24072,132.553635,34,14.443,N,132,33.218,E,256.4,0,,19.3,217.6,,
2026/5/20 16:12,2026/5/21 1:12,2026/5/21 1:12,2026/5/21 1:12,34.24072,132.553637,34,14.443,N,132,33.218,E,256.4,0,,19.3,217.6,,
2026/5/20 16:13,2026/5/21 1:13,2026/5/21 1:13,2026/5/21 1:13,34.240717,132.553643,34,14.443,N,132,33.219,E,256.4,0,,19.3,217.6,,
2026/5/20 16:14,2026/5/21 1:14,2026/5/21 1:14,2026/5/21 1:14,34.240725,132.553647,34,14.443,N,132,33.219,E,256.4,0,,19.3,217.6,,
2026/5/20 16:15,2026/5/21 1:15,2026/5/21 1:15,2026/5/21 1:15,34.240732,132.553643,34,14.444,N,132,33.219,E,256.4,0,,19.3,217.6,,
2026/5/20 16:16,2026/5/21 1:16,2026/5/21 1:16,2026/5/21 1:16,34.240715,132.553648,34,14.443,N,132,33.219,E,256.4,0,,19.3,217.6,,
2026/5/20 16:17,2026/5/21 1:17,2026/5/21 1:17,2026/5/21 1:17,34.240715,132.55365,34,14.443,N,132,33.219,E,256.4,0,,19.3,217.6,,
2026/5/20 16:18,2026/5/21 1:18,2026/5/21 1:18,2026/5/21 1:18,34.24072,132.553652,34,14.443,N,132,33.219,E,256.4,0,,19.3,217.6,,
2026/5/20 16:19,2026/5/21 1:19,2026/5/21 1:19,2026/5/21 1:19,34.24072,132.55365,34,14.443,N,132,33.219,E,256.4,0,,19.2,217.6,,
2026/5/20 16:20,2026/5/21 1:20,2026/5/21 1:20,2026/5/21 1:20,34.240727,132.553648,34,14.444,N,132,33.219,E,256.4,0,,19.2,217.6,,
2026/5/20 16:21,2026/5/21 1:21,2026/5/21 1:21,2026/5/21 1:21,34.24073,132.553643,34,14.444,N,132,33.219,E,256.4,0,,19.2,217.6,,
2026/5/20 16:22,2026/5/21 1:22,2026/5/21 1:22,2026/5/21 1:22,34.24073,132.553652,34,14.444,N,132,33.219,E,256.4,0,,19.2,217.6,,
2026/5/20 16:23,2026/5/21 1:23,2026/5/21 1:23,2026/5/21 1:23,34.240723,132.553653,34,14.443,N,132,33.219,E,256.4,0,,19.2,217.6,,
2026/5/20 16:24,2026/5/21 1:24,2026/5/21 1:24,2026/5/21 1:24,34.240723,132.553643,34,14.443,N,132,33.219,E,256.4,0,,19.2,217.6,,
2026/5/20 16:25,2026/5/21 1:25,2026/5/21 1:25,2026/5/21 1:25,34.240717,132.55365,34,14.443,N,132,33.219,E,256.4,0,,19.2,217.6,,
2026/5/20 16:26,2026/5/21 1:26,2026/5/21 1:26,2026/5/21 1:26,34.240713,132.55365,34,14.443,N,132,33.219,E,256.4,0,,19.2,217.6,,
2026/5/20 16:27,2026/5/21 1:27,2026/5/21 1:27,2026/5/21 1:27,34.240705,132.553653,34,14.442,N,132,33.219,E,256.4,0,,19.2,217.6,,
2026/5/20 16:28,2026/5/21 1:28,2026/5/21 1:28,2026/5/21 1:28,34.240697,132.55365,34,14.442,N,132,33.219,E,256.4,0,,19.2,217.6,,
2026/5/20 16:29,2026/5/21 1:29,2026/5/21 1:29,2026/5/21 1:29,34.240698,132.553647,34,14.442,N,132,33.219,E,256.4,0,,19.2,217.6,,
2026/5/20 16:30,2026/5/21 1:30,2026/5/21 1:30,2026/5/21 1:30,34.240693,132.553652,34,14.442,N,132,33.219,E,256.4,0,,19.2,217.6,,
2026/5/20 16:31,2026/5/21 1:31,2026/5/21 1:31,2026/5/21 1:31,34.240697,132.55365,34,14.442,N,132,33.219,E,256.4,0,,19.2,217.6,,
2026/5/20 16:32,2026/5/21 1:32,2026/5/21 1:32,2026/5/21 1:32,34.240702,132.55365,34,14.442,N,132,33.219,E,256.4,0,,19.2,217.6,,
2026/5/20 16:33,2026/5/21 1:33,2026/5/21 1:33,2026/5/21 1:33,34.240712,132.553643,34,14.443,N,132,33.219,E,256.4,0,,19.1,217.6,,
2026/5/20 16:34,2026/5/21 1:34,2026/5/21 1:34,2026/5/21 1:34,34.240712,132.553635,34,14.443,N,132,33.218,E,256.4,0,,19.1,217.6,,
2026/5/20 16:35,2026/5/21 1:35,2026/5/21 1:35,2026/5/21 1:35,34.240707,132.553643,34,14.442,N,132,33.219,E,256.4,0,,19.2,217.6,,
2026/5/20 16:36,2026/5/21 1:36,2026/5/21 1:36,2026/5/21 1:36,34.240707,132.553642,34,14.442,N,132,33.219,E,256.4,0,,19.2,217.6,,
2026/5/20 16:37,2026/5/21 1:37,2026/5/21 1:37,2026/5/21 1:37,34.240708,132.553647,34,14.442,N,132,33.219,E,256.4,0,,19.1,217.6,,
2026/5/20 16:38,2026/5/21 1:38,2026/5/21 1:38,2026/5/21 1:38,34.240708,132.553657,34,14.442,N,132,33.219,E,256.4,0,,19.1,217.6,,
2026/5/20 16:39,2026/5/21 1:39,2026/5/21 1:39,2026/5/21 1:39,34.240705,132.55366,34,14.442,N,132,33.22,E,256.4,0,,19.1,217.6,,
2026/5/20 16:40,2026/5/21 1:40,2026/5/21 1:40,2026/5/21 1:40,34.240697,132.553662,34,14.442,N,132,33.22,E,256.4,0,,19.1,217.6,,
2026/5/20 16:41,2026/5/21 1:41,2026/5/21 1:41,2026/5/21 1:41,34.240692,132.553662,34,14.442,N,132,33.22,E,256.4,0,,19.1,217.7,,
2026/5/20 16:42,2026/5/21 1:42,2026/5/21 1:42,2026/5/21 1:42,34.240693,132.55365,34,14.442,N,132,33.219,E,256.4,0,,19.2,217.7,,
2026/5/20 16:43,2026/5/21 1:43,2026/5/21 1:43,2026/5/21 1:43,34.240682,132.553648,34,14.441,N,132,33.219,E,256.4,0,,19.1,217.7,,
2026/5/20 16:44,2026/5/21 1:44,2026/5/21 1:44,2026/5/21 1:44,34.240687,132.55364,34,14.441,N,132,33.218,E,256.4,0,,19.1,217.7,,
2026/5/20 16:45,2026/5/21 1:45,2026/5/21 1:45,2026/5/21 1:45,34.240705,132.55364,34,14.442,N,132,33.218,E,256.4,0,,19.1,217.7,,
2026/5/20 16:46,2026/5/21 1:46,2026/5/21 1:46,2026/5/21 1:46,34.240712,132.55364,34,14.443,N,132,33.218,E,256.4,0,,19.1,217.6,,
2026/5/20 16:47,2026/5/21 1:47,2026/5/21 1:47,2026/5/21 1:47,34.240717,132.553652,34,14.443,N,132,33.219,E,256.4,0,,19.1,217.6,,
2026/5/20 16:48,2026/5/21 1:48,2026/5/21 1:48,2026/5/21 1:48,34.240727,132.55364,34,14.444,N,132,33.218,E,256.4,0,,19.1,217.6,,
2026/5/20 16:49,2026/5/21 1:49,2026/5/21 1:49,2026/5/21 1:49,34.240723,132.553647,34,14.443,N,132,33.219,E,256.4,0,,19.1,217.6,,
2026/5/20 16:50,2026/5/21 1:50,2026/5/21 1:50,2026/5/21 1:50,34.240723,132.55365,34,14.443,N,132,33.219,E,256.4,0,,19.1,217.7,,
2026/5/20 16:51,2026/5/21 1:51,2026/5/21 1:51,2026/5/21 1:51,34.240718,132.553655,34,14.443,N,132,33.219,E,256.4,0,,19.1,217.7,,
2026/5/20 16:52,2026/5/21 1:52,2026/5/21 1:52,2026/5/21 1:52,34.240722,132.553658,34,14.443,N,132,33.219,E,256.4,0,,19.1,217.6,,
2026/5/20 16:53,2026/5/21 1:53,2026/5/21 1:53,2026/5/21 1:53,34.240708,132.55365,34,14.442,N,132,33.219,E,256.4,0,,19.1,217.6,,
2026/5/20 16:54,2026/5/21 1:54,2026/5/21 1:54,2026/5/21 1:54,34.240698,132.55365,34,14.442,N,132,33.219,E,256.4,0,,19.1,217.7,,
2026/5/20 16:55,2026/5/21 1:55,2026/5/21 1:55,2026/5/21 1:55,34.2407,132.553653,34,14.442,N,132,33.219,E,256.4,0,,19.1,217.7,,
2026/5/20 16:56,2026/5/21 1:56,2026/5/21 1:56,2026/5/21 1:56,34.240705,132.553648,34,14.442,N,132,33.219,E,256.4,0,,19,217.7,,
2026/5/20 16:57,2026/5/21 1:57,2026/5/21 1:57,2026/5/21 1:57,34.240702,132.553653,34,14.442,N,132,33.219,E,256.4,0,,19,217.7,,
2026/5/20 16:58,2026/5/21 1:58,2026/5/21 1:58,2026/5/21 1:58,34.24071,132.55366,34,14.443,N,132,33.22,E,256.4,0,,19,217.7,,
2026/5/20 16:59,2026/5/21 1:59,2026/5/21 1:59,2026/5/21 1:59,34.24071,132.553653,34,14.443,N,132,33.219,E,256.4,0,,19,217.7,,
2026/5/20 17:00,2026/5/21 2:00,2026/5/21 2:00,2026/5/21 2:00,34.2407,132.553645,34,14.442,N,132,33.219,E,256.4,0,,19,217.7,,
2026/5/20 17:01,2026/5/21 2:01,2026/5/21 2:01,2026/5/21 2:01,34.24071,132.553655,34,14.443,N,132,33.219,E,256.4,0,,19,217.7,,
2026/5/20 17:02,2026/5/21 2:02,2026/5/21 2:02,2026/5/21 2:02,34.2407,132.553655,34,14.442,N,132,33.219,E,256.4,0,,19,217.7,,
2026/5/20 17:03,2026/5/21 2:03,2026/5/21 2:03,2026/5/21 2:03,34.240698,132.553648,34,14.442,N,132,33.219,E,256.4,0,,19,217.7,,
2026/5/20 17:04,2026/5/21 2:04,2026/5/21 2:04,2026/5/21 2:04,34.240705,132.553655,34,14.442,N,132,33.219,E,256.4,0,,19,217.7,,
2026/5/20 17:05,2026/5/21 2:05,2026/5/21 2:05,2026/5/21 2:05,34.240712,132.553655,34,14.443,N,132,33.219,E,256.4,0,,19,217.8,,
2026/5/20 17:06,2026/5/21 2:06,2026/5/21 2:06,2026/5/21 2:06,34.240715,132.553653,34,14.443,N,132,33.219,E,256.4,0,,19,217.8,,
2026/5/20 17:07,2026/5/21 2:07,2026/5/21 2:07,2026/5/21 2:07,34.240707,132.553658,34,14.442,N,132,33.219,E,256.4,0,,19,217.8,,
2026/5/20 17:08,2026/5/21 2:08,2026/5/21 2:08,2026/5/21 2:08,34.24071,132.553665,34,14.443,N,132,33.22,E,256.4,0,,19,217.8,,
2026/5/20 17:09,2026/5/21 2:09,2026/5/21 2:09,2026/5/21 2:09,34.240703,132.553665,34,14.442,N,132,33.22,E,256.4,0,,19,217.8,,
2026/5/20 17:10,2026/5/21 2:10,2026/5/21 2:10,2026/5/21 2:10,34.240702,132.553653,34,14.442,N,132,33.219,E,256.4,0,,19,217.8,,
2026/5/20 17:11,2026/5/21 2:11,2026/5/21 2:11,2026/5/21 2:11,34.240712,132.55365,34,14.443,N,132,33.219,E,256.4,0,,19,217.8,,
2026/5/20 17:12,2026/5/21 2:12,2026/5/21 2:12,2026/5/21 2:12,34.240705,132.55366,34,14.442,N,132,33.22,E,256.4,0,,19,217.8,,
2026/5/20 17:13,2026/5/21 2:13,2026/5/21 2:13,2026/5/21 2:13,34.240698,132.553665,34,14.442,N,132,33.22,E,256.4,0,,18.9,217.9,,
2026/5/20 17:14,2026/5/21 2:14,2026/5/21 2:14,2026/5/21 2:14,34.240695,132.553665,34,14.442,N,132,33.22,E,256.4,0,,19,217.8,,
2026/5/20 17:15,2026/5/21 2:15,2026/5/21 2:15,2026/5/21 2:15,34.240693,132.553672,34,14.442,N,132,33.22,E,256.4,0,,18.9,217.8,,
2026/5/20 17:16,2026/5/21 2:16,2026/5/21 2:16,2026/5/21 2:16,34.240715,132.553667,34,14.443,N,132,33.22,E,256.4,0,,18.9,217.8,,
2026/5/20 17:17,2026/5/21 2:17,2026/5/21 2:17,2026/5/21 2:17,34.240702,132.553675,34,14.442,N,132,33.221,E,256.4,0,,18.9,217.9,,
2026/5/20 17:18,2026/5/21 2:18,2026/5/21 2:18,2026/5/21 2:18,34.240697,132.55367,34,14.442,N,132,33.22,E,256.4,0,,18.9,217.9,,
2026/5/20 17:19,2026/5/21 2:19,2026/5/21 2:19,2026/5/21 2:19,34.240703,132.553662,34,14.442,N,132,33.22,E,256.4,0,,18.9,217.9,,
2026/5/20 17:20,2026/5/21 2:20,2026/5/21 2:20,2026/5/21 2:20,34.240708,132.553652,34,14.442,N,132,33.219,E,256.4,0,,18.9,217.9,,
2026/5/20 17:21,2026/5/21 2:21,2026/5/21 2:21,2026/5/21 2:21,34.240712,132.553652,34,14.443,N,132,33.219,E,256.4,0,,18.9,217.9,,
2026/5/20 17:22,2026/5/21 2:22,2026/5/21 2:22,2026/5/21 2:22,34.240715,132.553647,34,14.443,N,132,33.219,E,256.4,0,,18.9,217.9,,
2026/5/20 17:23,2026/5/21 2:23,2026/5/21 2:23,2026/5/21 2:23,34.240725,132.553662,34,14.443,N,132,33.22,E,256.4,0,,18.9,218,,
2026/5/20 17:24,2026/5/21 2:24,2026/5/21 2:24,2026/5/21 2:24,34.24073,132.553662,34,14.444,N,132,33.22,E,256.4,0,,18.8,218,,
2026/5/20 17:25,2026/5/21 2:25,2026/5/21 2:25,2026/5/21 2:25,34.24073,132.553662,34,14.444,N,132,33.22,E,256.4,0,,18.8,218,,
2026/5/20 17:26,2026/5/21 2:26,2026/5/21 2:26,2026/5/21 2:26,34.240725,132.553655,34,14.443,N,132,33.219,E,256.4,0,,18.8,218.1,,
2026/5/20 17:27,2026/5/21 2:27,2026/5/21 2:27,2026/5/21 2:27,34.240727,132.553648,34,14.444,N,132,33.219,E,256.4,0,,18.8,218.1,,
2026/5/20 17:28,2026/5/21 2:28,2026/5/21 2:28,2026/5/21 2:28,34.240732,132.553647,34,14.444,N,132,33.219,E,256.4,0,,18.7,218.1,,
2026/5/20 17:29,2026/5/21 2:29,2026/5/21 2:29,2026/5/21 2:29,34.240733,132.553655,34,14.444,N,132,33.219,E,256.4,0,,18.7,218,,
2026/5/20 17:30,2026/5/21 2:30,2026/5/21 2:30,2026/5/21 2:30,34.240727,132.553662,34,14.444,N,132,33.22,E,256.4,0,,18.7,218.1,,
2026/5/20 17:31,2026/5/21 2:31,2026/5/21 2:31,2026/5/21 2:31,34.24072,132.553663,34,14.443,N,132,33.22,E,256.4,0,,18.7,218,,
2026/5/20 17:32,2026/5/21 2:32,2026/5/21 2:32,2026/5/21 2:32,34.240712,132.553658,34,14.443,N,132,33.219,E,256.4,0,,18.6,218,,
2026/5/20 17:33,2026/5/21 2:33,2026/5/21 2:33,2026/5/21 2:33,34.240712,132.553658,34,14.443,N,132,33.219,E,256.4,0,,18.6,218.1,,
2026/5/20 17:34,2026/5/21 2:34,2026/5/21 2:34,2026/5/21 2:34,34.240717,132.553658,34,14.443,N,132,33.219,E,256.4,0,,18.6,218.2,,
2026/5/20 17:35,2026/5/21 2:35,2026/5/21 2:35,2026/5/21 2:35,34.24072,132.553658,34,14.443,N,132,33.219,E,256.4,0,,18.6,218.1,,
2026/5/20 17:36,2026/5/21 2:36,2026/5/21 2:36,2026/5/21 2:36,34.240725,132.553662,34,14.443,N,132,33.22,E,256.4,0,,18.5,218.1,,
2026/5/20 17:37,2026/5/21 2:37,2026/5/21 2:37,2026/5/21 2:37,34.240728,132.553662,34,14.444,N,132,33.22,E,256.4,0,,18.5,218.1,,
2026/5/20 17:38,2026/5/21 2:38,2026/5/21 2:38,2026/5/21 2:38,34.240725,132.553662,34,14.443,N,132,33.22,E,256.4,0,,18.5,218.1,,
2026/5/20 17:39,2026/5/21 2:39,2026/5/21 2:39,2026/5/21 2:39,34.24073,132.553668,34,14.444,N,132,33.22,E,256.4,0,,18.5,218.2,,
2026/5/20 17:40,2026/5/21 2:40,2026/5/21 2:40,2026/5/21 2:40,34.240718,132.553668,34,14.443,N,132,33.22,E,256.4,0,,18.5,218.2,,
2026/5/20 17:41,2026/5/21 2:41,2026/5/21 2:41,2026/5/21 2:41,34.240715,132.553672,34,14.443,N,132,33.22,E,256.4,0,,18.4,218.2,,
2026/5/20 17:42,2026/5/21 2:42,2026/5/21 2:42,2026/5/21 2:42,34.240718,132.55366,34,14.443,N,132,33.22,E,256.4,0,,18.4,218.2,,
2026/5/20 17:43,2026/5/21 2:43,2026/5/21 2:43,2026/5/21 2:43,34.240715,132.553652,34,14.443,N,132,33.219,E,256.4,0,,18.5,218.2,,
2026/5/20 17:44,2026/5/21 2:44,2026/5/21 2:44,2026/5/21 2:44,34.24072,132.553653,34,14.443,N,132,33.219,E,256.4,0,,18.5,218.1,,
2026/5/20 17:45,2026/5/21 2:45,2026/5/21 2:45,2026/5/21 2:45,34.240725,132.553653,34,14.443,N,132,33.219,E,256.4,0,,18.5,218.1,,
2026/5/20 17:46,2026/5/21 2:46,2026/5/21 2:46,2026/5/21 2:46,34.240722,132.553653,34,14.443,N,132,33.219,E,256.4,0,,18.4,218,,
2026/5/20 17:47,2026/5/21 2:47,2026/5/21 2:47,2026/5/21 2:47,34.240715,132.553658,34,14.443,N,132,33.219,E,256.4,0,,18.5,218.2,,
2026/5/20 17:48,2026/5/21 2:48,2026/5/21 2:48,2026/5/21 2:48,34.240723,132.55366,34,14.443,N,132,33.22,E,256.4,0,,18.4,218.2,,
2026/5/20 17:49,2026/5/21 2:49,2026/5/21 2:49,2026/5/21 2:49,34.240718,132.553653,34,14.443,N,132,33.219,E,256.4,0,,18.4,218.1,,
2026/5/20 17:50,2026/5/21 2:50,2026/5/21 2:50,2026/5/21 2:50,34.24072,132.553652,34,14.443,N,132,33.219,E,256.4,0,,18.4,218.1,,
2026/5/20 17:51,2026/5/21 2:51,2026/5/21 2:51,2026/5/21 2:51,34.240717,132.553653,34,14.443,N,132,33.219,E,256.4,0,,18.4,218.2,,
2026/5/20 17:52,2026/5/21 2:52,2026/5/21 2:52,2026/5/21 2:52,34.240715,132.553657,34,14.443,N,132,33.219,E,256.4,0,,18.4,218.2,,
2026/5/20 17:53,2026/5/21 2:53,2026/5/21 2:53,2026/5/21 2:53,34.240717,132.55365,34,14.443,N,132,33.219,E,256.4,0,,18.4,218.2,,
2026/5/20 17:54,2026/5/21 2:54,2026/5/21 2:54,2026/5/21 2:54,34.240717,132.55365,34,14.443,N,132,33.219,E,256.4,0,,18.4,218.2,,
2026/5/20 17:55,2026/5/21 2:55,2026/5/21 2:55,2026/5/21 2:55,34.240712,132.553657,34,14.443,N,132,33.219,E,256.4,0,,18.3,218.4,,
2026/5/20 17:56,2026/5/21 2:56,2026/5/21 2:56,2026/5/21 2:56,34.240708,132.553668,34,14.442,N,132,33.22,E,256.4,0,,18.3,218.2,,
2026/5/20 17:57,2026/5/21 2:57,2026/5/21 2:57,2026/5/21 2:57,34.240695,132.553672,34,14.442,N,132,33.22,E,256.4,0,,18.3,218.3,,
2026/5/20 17:58,2026/5/21 2:58,2026/5/21 2:58,2026/5/21 2:58,34.24069,132.553668,34,14.441,N,132,33.22,E,256.4,0,,18.3,218.2,,
2026/5/20 17:59,2026/5/21 2:59,2026/5/21 2:59,2026/5/21 2:59,34.24069,132.553672,34,14.441,N,132,33.22,E,256.4,0,,18.3,218.2,,
2026/5/20 18:00,2026/5/21 3:00,2026/5/21 3:00,2026/5/21 3:00,34.240688,132.553667,34,14.441,N,132,33.22,E,256.4,0,,18.3,218.3,,
2026/5/20 18:01,2026/5/21 3:01,2026/5/21 3:01,2026/5/21 3:01,34.240688,132.553657,34,14.441,N,132,33.219,E,256.4,0,,18.3,218.3,,
2026/5/20 18:02,2026/5/21 3:02,2026/5/21 3:02,2026/5/21 3:02,34.240697,132.553648,34,14.442,N,132,33.219,E,256.4,0,,18.2,218.3,,
2026/5/20 18:03,2026/5/21 3:03,2026/5/21 3:03,2026/5/21 3:03,34.2407,132.553643,34,14.442,N,132,33.219,E,256.4,0,,18.2,218.3,,
2026/5/20 18:04,2026/5/21 3:04,2026/5/21 3:04,2026/5/21 3:04,34.24069,132.553655,34,14.441,N,132,33.219,E,256.4,0,,18.2,218.3,,
2026/5/20 18:05,2026/5/21 3:05,2026/5/21 3:05,2026/5/21 3:05,34.240697,132.553647,34,14.442,N,132,33.219,E,256.4,0,,18.2,218.3,,
2026/5/20 18:06,2026/5/21 3:06,2026/5/21 3:06,2026/5/21 3:06,34.2407,132.553635,34,14.442,N,132,33.218,E,256.4,0,,18.2,218.3,,
2026/5/20 18:07,2026/5/21 3:07,2026/5/21 3:07,2026/5/21 3:07,34.240702,132.553637,34,14.442,N,132,33.218,E,256.4,0,,18.2,218.4,,
2026/5/20 18:08,2026/5/21 3:08,2026/5/21 3:08,2026/5/21 3:08,34.24071,132.553643,34,14.443,N,132,33.219,E,256.4,0,,18.1,218.3,,
2026/5/20 18:09,2026/5/21 3:09,2026/5/21 3:09,2026/5/21 3:09,34.240715,132.553643,34,14.443,N,132,33.219,E,256.4,0,,18.1,218.4,,
2026/5/20 18:10,2026/5/21 3:10,2026/5/21 3:10,2026/5/21 3:10,34.24072,132.55365,34,14.443,N,132,33.219,E,256.4,0,,18.2,218.5,,
2026/5/20 18:11,2026/5/21 3:11,2026/5/21 3:11,2026/5/21 3:11,34.240718,132.553657,34,14.443,N,132,33.219,E,256.4,0,,18.2,218.2,,
2026/5/20 18:12,2026/5/21 3:12,2026/5/21 3:12,2026/5/21 3:12,34.240717,132.553653,34,14.443,N,132,33.219,E,256.4,0,,18.2,218.4,,
2026/5/20 18:13,2026/5/21 3:13,2026/5/21 3:13,2026/5/21 3:13,34.240715,132.553653,34,14.443,N,132,33.219,E,256.4,0,,18.2,218.5,,
2026/5/20 18:14,2026/5/21 3:14,2026/5/21 3:14,2026/5/21 3:14,34.240715,132.553657,34,14.443,N,132,33.219,E,256.4,0,,18.2,218.3,,
2026/5/20 18:15,2026/5/21 3:15,2026/5/21 3:15,2026/5/21 3:15,34.240707,132.553658,34,14.442,N,132,33.219,E,256.4,0,,18.2,218.5,,
2026/5/20 18:16,2026/5/21 3:16,2026/5/21 3:16,2026/5/21 3:16,34.240705,132.553662,34,14.442,N,132,33.22,E,256.4,0,,18.1,218.5,,
2026/5/20 18:17,2026/5/21 3:17,2026/5/21 3:17,2026/5/21 3:17,34.24071,132.55366,34,14.443,N,132,33.22,E,256.4,0,,18.1,218.5,,
2026/5/20 18:18,2026/5/21 3:18,2026/5/21 3:18,2026/5/21 3:18,34.240708,132.553653,34,14.442,N,132,33.219,E,256.4,0,,18.1,218.5,,
2026/5/20 18:19,2026/5/21 3:19,2026/5/21 3:19,2026/5/21 3:19,34.240693,132.553657,34,14.442,N,132,33.219,E,256.4,0,,18.1,218.3,,
2026/5/20 18:20,2026/5/21 3:20,2026/5/21 3:20,2026/5/21 3:20,34.240695,132.553653,34,14.442,N,132,33.219,E,256.4,0,,18.2,218.7,,
2026/5/20 18:21,2026/5/21 3:21,2026/5/21 3:21,2026/5/21 3:21,34.240695,132.553653,34,14.442,N,132,33.219,E,256.4,0,,18.1,218.7,,
2026/5/20 18:22,2026/5/21 3:22,2026/5/21 3:22,2026/5/21 3:22,34.2407,132.553658,34,14.442,N,132,33.219,E,256.4,0,,18.1,218.7,,
2026/5/20 18:23,2026/5/21 3:23,2026/5/21 3:23,2026/5/21 3:23,34.24071,132.553658,34,14.443,N,132,33.219,E,256.4,0,,18.1,218.6,,
2026/5/20 18:24,2026/5/21 3:24,2026/5/21 3:24,2026/5/21 3:24,34.240702,132.553653,34,14.442,N,132,33.219,E,256.4,0,,18.1,218.6,,
2026/5/20 18:25,2026/5/21 3:25,2026/5/21 3:25,2026/5/21 3:25,34.24069,132.55365,34,14.441,N,132,33.219,E,256.4,0,,18.1,218.5,,
2026/5/20 18:26,2026/5/21 3:26,2026/5/21 3:26,2026/5/21 3:26,34.240695,132.553647,34,14.442,N,132,33.219,E,256.4,0,,18.1,218.4,,
2026/5/20 18:27,2026/5/21 3:27,2026/5/21 3:27,2026/5/21 3:27,34.240692,132.553652,34,14.442,N,132,33.219,E,256.4,0,,18.1,218.2,,
2026/5/20 18:28,2026/5/21 3:28,2026/5/21 3:28,2026/5/21 3:28,34.2407,132.553653,34,14.442,N,132,33.219,E,256.4,0,,18.1,218.2,,
2026/5/20 18:29,2026/5/21 3:29,2026/5/21 3:29,2026/5/21 3:29,34.240695,132.553657,34,14.442,N,132,33.219,E,256.4,0,,18.1,218,,
2026/5/20 18:30,2026/5/21 3:30,2026/5/21 3:30,2026/5/21 3:30,34.240688,132.553653,34,14.441,N,132,33.219,E,256.4,0,,18.1,217.8,,
2026/5/20 18:31,2026/5/21 3:31,2026/5/21 3:31,2026/5/21 3:31,34.240685,132.553648,34,14.441,N,132,33.219,E,256.4,0,,18.1,218.2,,
2026/5/20 18:32,2026/5/21 3:32,2026/5/21 3:32,2026/5/21 3:32,34.240682,132.553647,34,14.441,N,132,33.219,E,256.4,0,,18.1,218.7,,
2026/5/20 18:33,2026/5/21 3:33,2026/5/21 3:33,2026/5/21 3:33,34.240685,132.553647,34,14.441,N,132,33.219,E,256.4,0,,18.1,218.6,,
2026/5/20 18:34,2026/5/21 3:34,2026/5/21 3:34,2026/5/21 3:34,34.24069,132.55365,34,14.441,N,132,33.219,E,256.4,0,,18.1,218.6,,
2026/5/20 18:35,2026/5/21 3:35,2026/5/21 3:35,2026/5/21 3:35,34.24068,132.553653,34,14.441,N,132,33.219,E,256.4,0,,18.1,218.8,,
2026/5/20 18:36,2026/5/21 3:36,2026/5/21 3:36,2026/5/21 3:36,34.240688,132.553647,34,14.441,N,132,33.219,E,256.4,0,,18.1,218.7,,
2026/5/20 18:37,2026/5/21 3:37,2026/5/21 3:37,2026/5/21 3:37,34.240698,132.553643,34,14.442,N,132,33.219,E,256.4,0,,18.1,218.5,,
2026/5/20 18:38,2026/5/21 3:38,2026/5/21 3:38,2026/5/21 3:38,34.240698,132.553655,34,14.442,N,132,33.219,E,256.4,0,,18.1,218,,
2026/5/20 18:39,2026/5/21 3:39,2026/5/21 3:39,2026/5/21 3:39,34.240708,132.55366,34,14.442,N,132,33.22,E,256.4,0,,18.1,218.6,,
2026/5/20 18:40,2026/5/21 3:40,2026/5/21 3:40,2026/5/21 3:40,34.240707,132.553657,34,14.442,N,132,33.219,E,256.4,0,,18.1,218.4,,
2026/5/20 18:41,2026/5/21 3:41,2026/5/21 3:41,2026/5/21 3:41,34.240708,132.553653,34,14.442,N,132,33.219,E,256.4,0,,18.1,218,,
2026/5/20 18:42,2026/5/21 3:42,2026/5/21 3:42,2026/5/21 3:42,34.240717,132.553645,34,14.443,N,132,33.219,E,256.4,0,,18.1,218.5,,
2026/5/20 18:43,2026/5/21 3:43,2026/5/21 3:43,2026/5/21 3:43,34.240713,132.553637,34,14.443,N,132,33.218,E,256.4,0,,18.1,219,,
2026/5/20 18:44,2026/5/21 3:44,2026/5/21 3:44,2026/5/21 3:44,34.24071,132.553637,34,14.443,N,132,33.218,E,256.4,0,,18.1,219.1,,
2026/5/20 18:45,2026/5/21 3:45,2026/5/21 3:45,2026/5/21 3:45,34.240705,132.553647,34,14.442,N,132,33.219,E,256.4,0,,18.1,218.7,,
2026/5/20 18:46,2026/5/21 3:46,2026/5/21 3:46,2026/5/21 3:46,34.240702,132.553658,34,14.442,N,132,33.219,E,256.4,0,,18.1,218.9,,
2026/5/20 18:47,2026/5/21 3:47,2026/5/21 3:47,2026/5/21 3:47,34.2407,132.553652,34,14.442,N,132,33.219,E,256.4,0,,18.1,218.6,,
2026/5/20 18:48,2026/5/21 3:48,2026/5/21 3:48,2026/5/21 3:48,34.240705,132.553643,34,14.442,N,132,33.219,E,256.4,0,,18.1,218.8,,
2026/5/20 18:49,2026/5/21 3:49,2026/5/21 3:49,2026/5/21 3:49,34.240712,132.553645,34,14.443,N,132,33.219,E,256.4,0,,18.1,218.9,,
2026/5/20 18:50,2026/5/21 3:50,2026/5/21 3:50,2026/5/21 3:50,34.240708,132.553647,34,14.442,N,132,33.219,E,256.4,0,,18.1,218.9,,
2026/5/20 18:51,2026/5/21 3:51,2026/5/21 3:51,2026/5/21 3:51,34.240698,132.55365,34,14.442,N,132,33.219,E,256.4,0,,18.1,218.9,,
2026/5/20 18:52,2026/5/21 3:52,2026/5/21 3:52,2026/5/21 3:52,34.240697,132.553647,34,14.442,N,132,33.219,E,256.4,0,,18.1,219,,
2026/5/20 18:53,2026/5/21 3:53,2026/5/21 3:53,2026/5/21 3:53,34.240707,132.553643,34,14.442,N,132,33.219,E,256.4,0,,18.1,219,,
2026/5/20 18:54,2026/5/21 3:54,2026/5/21 3:54,2026/5/21 3:54,34.240708,132.553648,34,14.442,N,132,33.219,E,256.4,0,,18.1,219.1,,
2026/5/20 18:55,2026/5/21 3:55,2026/5/21 3:55,2026/5/21 3:55,34.240707,132.55365,34,14.442,N,132,33.219,E,256.4,0,,18.1,218.8,,
2026/5/20 18:56,2026/5/21 3:56,2026/5/21 3:56,2026/5/21 3:56,34.240712,132.553652,34,14.443,N,132,33.219,E,256.4,0,,18.1,218.9,,
2026/5/20 18:57,2026/5/21 3:57,2026/5/21 3:57,2026/5/21 3:57,34.240712,132.553645,34,14.443,N,132,33.219,E,256.4,0,,18.1,218.7,,
2026/5/20 18:58,2026/5/21 3:58,2026/5/21 3:58,2026/5/21 3:58,34.240715,132.553643,34,14.443,N,132,33.219,E,256.4,0,,18.1,218.9,,
2026/5/20 18:59,2026/5/21 3:59,2026/5/21 3:59,2026/5/21 3:59,34.240708,132.553647,34,14.442,N,132,33.219,E,256.4,0,,18.1,218.9,,
2026/5/20 19:00,2026/5/21 4:00,2026/5/21 4:00,2026/5/21 4:00,34.240702,132.553652,34,14.442,N,132,33.219,E,256.4,0,,18.1,218.9,,
2026/5/20 19:01,2026/5/21 4:01,2026/5/21 4:01,2026/5/21 4:01,34.2407,132.553655,34,14.442,N,132,33.219,E,256.4,0,,18.1,218.9,,
2026/5/20 19:02,2026/5/21 4:02,2026/5/21 4:02,2026/5/21 4:02,34.240688,132.553658,34,14.441,N,132,33.219,E,256.4,0,,18.1,219.1,,
2026/5/20 19:03,2026/5/21 4:03,2026/5/21 4:03,2026/5/21 4:03,34.240677,132.553663,34,14.441,N,132,33.22,E,256.4,0,,18.1,219.1,,
2026/5/20 19:04,2026/5/21 4:04,2026/5/21 4:04,2026/5/21 4:04,34.24068,132.553655,34,14.441,N,132,33.219,E,256.4,0,,18.1,219,,
2026/5/20 19:05,2026/5/21 4:05,2026/5/21 4:05,2026/5/21 4:05,34.240687,132.553667,34,14.441,N,132,33.22,E,256.4,0,,18,218.9,,
2026/5/20 19:06,2026/5/21 4:06,2026/5/21 4:06,2026/5/21 4:06,34.240687,132.553662,34,14.441,N,132,33.22,E,256.4,0,,18.1,218.9,,
2026/5/20 19:07,2026/5/21 4:07,2026/5/21 4:07,2026/5/21 4:07,34.240692,132.55366,34,14.442,N,132,33.22,E,256.4,0,,18.1,218.7,,
2026/5/20 19:08,2026/5/21 4:08,2026/5/21 4:08,2026/5/21 4:08,34.240697,132.553655,34,14.442,N,132,33.219,E,256.4,0,,18,218.7,,
2026/5/20 19:09,2026/5/21 4:09,2026/5/21 4:09,2026/5/21 4:09,34.240695,132.553657,34,14.442,N,132,33.219,E,256.4,0,,18,218.8,,
2026/5/20 19:10,2026/5/21 4:10,2026/5/21 4:10,2026/5/21 4:10,34.240705,132.553647,34,14.442,N,132,33.219,E,256.4,0,,18,218.7,,
2026/5/20 19:11,2026/5/21 4:11,2026/5/21 4:11,2026/5/21 4:11,34.240713,132.553637,34,14.443,N,132,33.218,E,256.4,0,,18,219.1,,
2026/5/20 19:12,2026/5/21 4:12,2026/5/21 4:12,2026/5/21 4:12,34.240723,132.553632,34,14.443,N,132,33.218,E,256.4,0,,18,218.9,,
2026/5/20 19:13,2026/5/21 4:13,2026/5/21 4:13,2026/5/21 4:13,34.240723,132.553633,34,14.443,N,132,33.218,E,256.4,0,,17.9,219,,
2026/5/20 19:14,2026/5/21 4:14,2026/5/21 4:14,2026/5/21 4:14,34.240717,132.553645,34,14.443,N,132,33.219,E,256.4,0,,17.9,219.1,,
2026/5/20 19:15,2026/5/21 4:15,2026/5/21 4:15,2026/5/21 4:15,34.240723,132.553643,34,14.443,N,132,33.219,E,256.4,0,,17.9,219,,
2026/5/20 19:16,2026/5/21 4:16,2026/5/21 4:16,2026/5/21 4:16,34.240725,132.553643,34,14.443,N,132,33.219,E,256.4,0,,17.9,219.2,,
2026/5/20 19:17,2026/5/21 4:17,2026/5/21 4:17,2026/5/21 4:17,34.240732,132.553653,34,14.444,N,132,33.219,E,256.4,0,,17.9,219.1,,
2026/5/20 19:18,2026/5/21 4:18,2026/5/21 4:18,2026/5/21 4:18,34.240727,132.553663,34,14.444,N,132,33.22,E,256.4,0,,17.9,219.3,,
2026/5/20 19:19,2026/5/21 4:19,2026/5/21 4:19,2026/5/21 4:19,34.240723,132.553667,34,14.443,N,132,33.22,E,256.4,0,,17.9,219,,
2026/5/20 19:20,2026/5/21 4:20,2026/5/21 4:20,2026/5/21 4:20,34.240725,132.553665,34,14.443,N,132,33.22,E,256.4,0,,17.9,219.2,,
2026/5/20 19:21,2026/5/21 4:21,2026/5/21 4:21,2026/5/21 4:21,34.240717,132.553657,34,14.443,N,132,33.219,E,256.4,0,,17.9,219.2,,
2026/5/20 19:22,2026/5/21 4:22,2026/5/21 4:22,2026/5/21 4:22,34.240703,132.553647,34,14.442,N,132,33.219,E,256.4,0,,17.9,219.2,,
2026/5/20 19:23,2026/5/21 4:23,2026/5/21 4:23,2026/5/21 4:23,34.24071,132.553643,34,14.443,N,132,33.219,E,256.4,0,,17.8,219.1,,
2026/5/20 19:24,2026/5/21 4:24,2026/5/21 4:24,2026/5/21 4:24,34.24072,132.553645,34,14.443,N,132,33.219,E,256.4,0,,17.8,218.7,,
2026/5/20 19:25,2026/5/21 4:25,2026/5/21 4:25,2026/5/21 4:25,34.240707,132.55365,34,14.442,N,132,33.219,E,256.4,0,,17.8,218.6,,
2026/5/20 19:26,2026/5/21 4:26,2026/5/21 4:26,2026/5/21 4:26,34.240702,132.55366,34,14.442,N,132,33.22,E,256.4,0,,17.8,218.2,,
2026/5/20 19:27,2026/5/21 4:27,2026/5/21 4:27,2026/5/21 4:27,34.240695,132.55366,34,14.442,N,132,33.22,E,256.4,0,,17.8,217.9,,
2026/5/20 19:28,2026/5/21 4:28,2026/5/21 4:28,2026/5/21 4:28,34.240698,132.553662,34,14.442,N,132,33.22,E,256.4,0,,17.7,217.8,,
2026/5/20 19:29,2026/5/21 4:29,2026/5/21 4:29,2026/5/21 4:29,34.24071,132.553658,34,14.443,N,132,33.219,E,256.4,0,,17.7,218,,
2026/5/20 19:30,2026/5/21 4:30,2026/5/21 4:30,2026/5/21 4:30,34.240715,132.553655,34,14.443,N,132,33.219,E,256.4,0,,17.7,217.9,,
2026/5/20 19:31,2026/5/21 4:31,2026/5/21 4:31,2026/5/21 4:31,34.240718,132.55364,34,14.443,N,132,33.218,E,256.4,0,,17.7,218,,
2026/5/20 19:32,2026/5/21 4:32,2026/5/21 4:32,2026/5/21 4:32,34.24072,132.553633,34,14.443,N,132,33.218,E,256.4,0,,17.7,218.1,,
2026/5/20 19:33,2026/5/21 4:33,2026/5/21 4:33,2026/5/21 4:33,34.24072,132.553628,34,14.443,N,132,33.218,E,256.4,0,,17.7,218.2,,
2026/5/20 19:34,2026/5/21 4:34,2026/5/21 4:34,2026/5/21 4:34,34.240712,132.553648,34,14.443,N,132,33.219,E,256.4,0,,17.7,218.2,,
2026/5/20 19:35,2026/5/21 4:35,2026/5/21 4:35,2026/5/21 4:35,34.240715,132.553655,34,14.443,N,132,33.219,E,256.4,0,,17.7,218.3,,
2026/5/20 19:36,2026/5/21 4:36,2026/5/21 4:36,2026/5/21 4:36,34.240713,132.553652,34,14.443,N,132,33.219,E,256.4,0,,17.6,218.3,,
2026/5/20 19:37,2026/5/21 4:37,2026/5/21 4:37,2026/5/21 4:37,34.240708,132.55365,34,14.442,N,132,33.219,E,256.4,0,,17.6,218,,
2026/5/20 19:38,2026/5/21 4:38,2026/5/21 4:38,2026/5/21 4:38,34.240702,132.553655,34,14.442,N,132,33.219,E,256.4,0,,17.6,218,,
2026/5/20 19:39,2026/5/21 4:39,2026/5/21 4:39,2026/5/21 4:39,34.240692,132.553657,34,14.442,N,132,33.219,E,256.4,0,,17.6,218.1,,
2026/5/20 19:40,2026/5/21 4:40,2026/5/21 4:40,2026/5/21 4:40,34.240693,132.553658,34,14.442,N,132,33.219,E,256.4,0,,17.6,217.9,,
2026/5/20 19:41,2026/5/21 4:41,2026/5/21 4:41,2026/5/21 4:41,34.240698,132.553658,34,14.442,N,132,33.219,E,256.4,0,,17.6,218,,
2026/5/20 19:42,2026/5/21 4:42,2026/5/21 4:42,2026/5/21 4:42,34.240702,132.553658,34,14.442,N,132,33.219,E,256.4,0,,17.6,217.8,,
2026/5/20 19:43,2026/5/21 4:43,2026/5/21 4:43,2026/5/21 4:43,34.240715,132.553653,34,14.443,N,132,33.219,E,256.4,0,,17.5,217.8,,
2026/5/20 19:44,2026/5/21 4:44,2026/5/21 4:44,2026/5/21 4:44,34.240718,132.553657,34,14.443,N,132,33.219,E,256.4,0,,17.5,217.7,,
2026/5/20 19:45,2026/5/21 4:45,2026/5/21 4:45,2026/5/21 4:45,34.240712,132.553653,34,14.443,N,132,33.219,E,256.4,0,,17.5,217.6,,
2026/5/20 19:46,2026/5/21 4:46,2026/5/21 4:46,2026/5/21 4:46,34.240707,132.553653,34,14.442,N,132,33.219,E,256.4,0,,17.5,217.6,,
2026/5/20 19:47,2026/5/21 4:47,2026/5/21 4:47,2026/5/21 4:47,34.240703,132.553645,34,14.442,N,132,33.219,E,256.4,0,,17.5,217.6,,
2026/5/20 19:48,2026/5/21 4:48,2026/5/21 4:48,2026/5/21 4:48,34.240715,132.553642,34,14.443,N,132,33.219,E,256.4,0,,17.5,217.6,,
2026/5/20 19:49,2026/5/21 4:49,2026/5/21 4:49,2026/5/21 4:49,34.240718,132.553645,34,14.443,N,132,33.219,E,256.4,0,,17.5,217.6,,
2026/5/20 19:50,2026/5/21 4:50,2026/5/21 4:50,2026/5/21 4:50,34.240715,132.553635,34,14.443,N,132,33.218,E,256.4,0,,17.5,217.6,,
2026/5/20 19:51,2026/5/21 4:51,2026/5/21 4:51,2026/5/21 4:51,34.240715,132.55365,34,14.443,N,132,33.219,E,256.4,0,,17.6,217.6,,
2026/5/20 19:52,2026/5/21 4:52,2026/5/21 4:52,2026/5/21 4:52,34.240708,132.553653,34,14.442,N,132,33.219,E,256.4,0,,17.6,217.6,,
2026/5/20 19:53,2026/5/21 4:53,2026/5/21 4:53,2026/5/21 4:53,34.240705,132.553658,34,14.442,N,132,33.219,E,256.4,0,,17.6,217.6,,
2026/5/20 19:54,2026/5/21 4:54,2026/5/21 4:54,2026/5/21 4:54,34.2407,132.553657,34,14.442,N,132,33.219,E,256.4,0,,17.6,217.6,,
2026/5/20 19:55,2026/5/21 4:55,2026/5/21 4:55,2026/5/21 4:55,34.240698,132.553655,34,14.442,N,132,33.219,E,256.4,0,,17.6,217.6,,
2026/5/20 19:56,2026/5/21 4:56,2026/5/21 4:56,2026/5/21 4:56,34.240695,132.553657,34,14.442,N,132,33.219,E,256.4,0,,17.6,217.5,,
2026/5/20 19:57,2026/5/21 4:57,2026/5/21 4:57,2026/5/21 4:57,34.2407,132.553657,34,14.442,N,132,33.219,E,256.4,0,,17.7,217.6,,
2026/5/20 19:58,2026/5/21 4:58,2026/5/21 4:58,2026/5/21 4:58,34.240703,132.553653,34,14.442,N,132,33.219,E,256.4,0,,17.7,217.6,,
2026/5/20 19:59,2026/5/21 4:59,2026/5/21 4:59,2026/5/21 4:59,34.240707,132.553657,34,14.442,N,132,33.219,E,256.4,0,,17.7,217.5,,
2026/5/20 20:00,2026/5/21 5:00,2026/5/21 5:00,2026/5/21 5:00,34.240717,132.553657,34,14.443,N,132,33.219,E,256.4,0,,17.7,217.6,,
2026/5/20 20:01,2026/5/21 5:01,2026/5/21 5:01,2026/5/21 5:01,34.240727,132.553647,34,14.444,N,132,33.219,E,256.4,0,,17.7,217.6,,
2026/5/20 20:02,2026/5/21 5:02,2026/5/21 5:02,2026/5/21 5:02,34.240717,132.553643,34,14.443,N,132,33.219,E,256.4,0,,17.7,217.8,,
2026/5/20 20:03,2026/5/21 5:03,2026/5/21 5:03,2026/5/21 5:03,34.240712,132.55364,34,14.443,N,132,33.218,E,256.4,0,,17.7,218,,
2026/5/20 20:04,2026/5/21 5:04,2026/5/21 5:04,2026/5/21 5:04,34.240715,132.553645,34,14.443,N,132,33.219,E,256.4,0,,17.8,218.1,,
2026/5/20 20:05,2026/5/21 5:05,2026/5/21 5:05,2026/5/21 5:05,34.240717,132.553642,34,14.443,N,132,33.219,E,256.4,0,,17.8,217.6,,
2026/5/20 20:06,2026/5/21 5:06,2026/5/21 5:06,2026/5/21 5:06,34.240715,132.553638,34,14.443,N,132,33.218,E,256.4,0,,17.9,217.5,,
2026/5/20 20:07,2026/5/21 5:07,2026/5/21 5:07,2026/5/21 5:07,34.24072,132.553633,34,14.443,N,132,33.218,E,256.4,0,,17.9,217.7,,
2026/5/20 20:08,2026/5/21 5:08,2026/5/21 5:08,2026/5/21 5:08,34.240728,132.553635,34,14.444,N,132,33.218,E,256.4,0,,17.9,218.1,,
2026/5/20 20:09,2026/5/21 5:09,2026/5/21 5:09,2026/5/21 5:09,34.240728,132.553627,34,14.444,N,132,33.218,E,256.4,0,,17.9,218.7,,
2026/5/20 20:10,2026/5/21 5:10,2026/5/21 5:10,2026/5/21 5:10,34.240725,132.553633,34,14.443,N,132,33.218,E,256.4,0,,18,219,,
2026/5/20 20:11,2026/5/21 5:11,2026/5/21 5:11,2026/5/21 5:11,34.240718,132.553635,34,14.443,N,132,33.218,E,256.4,0,,18,219.2,,
2026/5/20 20:12,2026/5/21 5:12,2026/5/21 5:12,2026/5/21 5:12,34.240722,132.553633,34,14.443,N,132,33.218,E,256.4,0,,18,219.3,,
2026/5/20 20:13,2026/5/21 5:13,2026/5/21 5:13,2026/5/21 5:13,34.240723,132.553633,34,14.443,N,132,33.218,E,256.4,0,,18,219.1,,
2026/5/20 20:14,2026/5/21 5:14,2026/5/21 5:14,2026/5/21 5:14,34.240723,132.55364,34,14.443,N,132,33.218,E,256.4,0,,18,219.3,,
2026/5/20 20:15,2026/5/21 5:15,2026/5/21 5:15,2026/5/21 5:15,34.240723,132.55364,34,14.443,N,132,33.218,E,256.4,0,,18.1,219.3,,
2026/5/20 20:16,2026/5/21 5:16,2026/5/21 5:16,2026/5/21 5:16,34.240727,132.553642,34,14.444,N,132,33.219,E,256.4,0,,18.1,219.3,,
2026/5/20 20:17,2026/5/21 5:17,2026/5/21 5:17,2026/5/21 5:17,34.240732,132.553643,34,14.444,N,132,33.219,E,256.4,0,,18.1,219.1,,
2026/5/20 20:18,2026/5/21 5:18,2026/5/21 5:18,2026/5/21 5:18,34.240737,132.553647,34,14.444,N,132,33.219,E,256.4,0,,18.1,218.8,,
2026/5/20 20:19,2026/5/21 5:19,2026/5/21 5:19,2026/5/21 5:19,34.240733,132.55364,34,14.444,N,132,33.218,E,256.4,0,,18.1,218.6,,
2026/5/20 20:20,2026/5/21 5:20,2026/5/21 5:20,2026/5/21 5:20,34.24072,132.553632,34,14.443,N,132,33.218,E,256.4,0,,18.1,218.3,,
2026/5/20 20:21,2026/5/21 5:21,2026/5/21 5:21,2026/5/21 5:21,34.240717,132.553628,34,14.443,N,132,33.218,E,256.4,0,,18.1,218.1,,
2026/5/20 20:22,2026/5/21 5:22,2026/5/21 5:22,2026/5/21 5:22,34.240723,132.553637,34,14.443,N,132,33.218,E,256.4,0,,18.2,217.8,,
2026/5/20 20:23,2026/5/21 5:23,2026/5/21 5:23,2026/5/21 5:23,34.240722,132.553635,34,14.443,N,132,33.218,E,256.4,0,,18.2,217.5,,
2026/5/20 20:24,2026/5/21 5:24,2026/5/21 5:24,2026/5/21 5:24,34.240723,132.553637,34,14.443,N,132,33.218,E,256.4,0,,18.2,217.6,,
2026/5/20 20:25,2026/5/21 5:25,2026/5/21 5:25,2026/5/21 5:25,34.240722,132.553647,34,14.443,N,132,33.219,E,256.4,0,,18.2,217.6,,
2026/5/20 20:26,2026/5/21 5:26,2026/5/21 5:26,2026/5/21 5:26,34.240715,132.553647,34,14.443,N,132,33.219,E,256.4,0,,18.2,217.9,,
2026/5/20 20:27,2026/5/21 5:27,2026/5/21 5:27,2026/5/21 5:27,34.240707,132.553645,34,14.442,N,132,33.219,E,256.4,0,,18.2,217.6,,
2026/5/20 20:28,2026/5/21 5:28,2026/5/21 5:28,2026/5/21 5:28,34.240708,132.553645,34,14.442,N,132,33.219,E,256.4,0,,18.2,218.1,,
2026/5/20 20:29,2026/5/21 5:29,2026/5/21 5:29,2026/5/21 5:29,34.240708,132.553647,34,14.442,N,132,33.219,E,256.4,0,,18.2,217.5,,
2026/5/20 20:30,2026/5/21 5:30,2026/5/21 5:30,2026/5/21 5:30,34.240712,132.55365,34,14.443,N,132,33.219,E,256.4,0,,18.2,218.1,,
2026/5/20 20:31,2026/5/21 5:31,2026/5/21 5:31,2026/5/21 5:31,34.240715,132.553653,34,14.443,N,132,33.219,E,256.4,0,,18.2,218.2,,
2026/5/20 20:32,2026/5/21 5:32,2026/5/21 5:32,2026/5/21 5:32,34.240713,132.553653,34,14.443,N,132,33.219,E,256.4,0,,18.2,218.4,,
2026/5/20 20:33,2026/5/21 5:33,2026/5/21 5:33,2026/5/21 5:33,34.240705,132.553647,34,14.442,N,132,33.219,E,256.4,0,,18.2,218.4,,
2026/5/20 20:34,2026/5/21 5:34,2026/5/21 5:34,2026/5/21 5:34,34.2407,132.553643,34,14.442,N,132,33.219,E,256.4,0,,18.2,217.4,,
2026/5/20 20:35,2026/5/21 5:35,2026/5/21 5:35,2026/5/21 5:35,34.24071,132.553643,34,14.443,N,132,33.219,E,256.4,0,,18.2,217.8,,
2026/5/20 20:36,2026/5/21 5:36,2026/5/21 5:36,2026/5/21 5:36,34.240712,132.553647,34,14.443,N,132,33.219,E,256.4,0,,18.2,217.6,,
2026/5/20 20:37,2026/5/21 5:37,2026/5/21 5:37,2026/5/21 5:37,34.240715,132.55365,34,14.443,N,132,33.219,E,256.4,0,,18.2,217.5,,
2026/5/20 20:38,2026/5/21 5:38,2026/5/21 5:38,2026/5/21 5:38,34.240717,132.55365,34,14.443,N,132,33.219,E,256.4,0,,18.2,217.5,,
2026/5/20 20:39,2026/5/21 5:39,2026/5/21 5:39,2026/5/21 5:39,34.240703,132.553648,34,14.442,N,132,33.219,E,256.4,0,,18.2,217.5,,
2026/5/20 20:40,2026/5/21 5:40,2026/5/21 5:40,2026/5/21 5:40,34.240695,132.553648,34,14.442,N,132,33.219,E,256.4,0,,18.3,217.5,,
2026/5/20 20:41,2026/5/21 5:41,2026/5/21 5:41,2026/5/21 5:41,34.240698,132.553652,34,14.442,N,132,33.219,E,256.4,0,,18.3,217.5,,
2026/5/20 20:42,2026/5/21 5:42,2026/5/21 5:42,2026/5/21 5:42,34.240707,132.553657,34,14.442,N,132,33.219,E,256.4,0,,18.3,217.5,,
2026/5/20 20:43,2026/5/21 5:43,2026/5/21 5:43,2026/5/21 5:43,34.240718,132.553658,34,14.443,N,132,33.219,E,256.4,0,,18.3,217.5,,
2026/5/20 20:44,2026/5/21 5:44,2026/5/21 5:44,2026/5/21 5:44,34.240727,132.553662,34,14.444,N,132,33.22,E,256.4,0,0,18.3,217.6,,
2026/5/20 20:45,2026/5/21 5:45,2026/5/21 5:45,2026/5/21 5:45,34.240732,132.553668,34,14.444,N,132,33.22,E,256.4,0,,18.3,217.6,,
2026/5/20 20:46,2026/5/21 5:46,2026/5/21 5:46,2026/5/21 5:46,34.240732,132.55367,34,14.444,N,132,33.22,E,256.4,0,,18.3,217.5,,
2026/5/20 20:47,2026/5/21 5:47,2026/5/21 5:47,2026/5/21 5:47,34.240735,132.553673,34,14.444,N,132,33.22,E,256.4,0,,18.3,217.5,,
2026/5/20 20:48,2026/5/21 5:48,2026/5/21 5:48,2026/5/21 5:48,34.240727,132.553668,34,14.444,N,132,33.22,E,256.4,0,,18.3,217.5,,
2026/5/20 20:49,2026/5/21 5:49,2026/5/21 5:49,2026/5/21 5:49,34.240718,132.553658,34,14.443,N,132,33.219,E,256.4,0,,18.3,217.5,,
2026/5/20 20:50,2026/5/21 5:50,2026/5/21 5:50,2026/5/21 5:50,34.240715,132.55365,34,14.443,N,132,33.219,E,256.4,0,,18.3,217.6,,
2026/5/20 20:51,2026/5/21 5:51,2026/5/21 5:51,2026/5/21 5:51,34.240722,132.553648,34,14.443,N,132,33.219,E,256.4,0,,18.3,217.5,,
2026/5/20 20:52,2026/5/21 5:52,2026/5/21 5:52,2026/5/21 5:52,34.24073,132.553645,34,14.444,N,132,33.219,E,256.4,0,,18.3,217.5,,
2026/5/20 20:53,2026/5/21 5:53,2026/5/21 5:53,2026/5/21 5:53,34.24073,132.553652,34,14.444,N,132,33.219,E,256.4,0,,18.3,217.6,,
2026/5/20 20:54,2026/5/21 5:54,2026/5/21 5:54,2026/5/21 5:54,34.240742,132.553647,34,14.445,N,132,33.219,E,256.4,0,,18.3,217.6,,
2026/5/20 20:55,2026/5/21 5:55,2026/5/21 5:55,2026/5/21 5:55,34.240733,132.553643,34,14.444,N,132,33.219,E,256.4,0,,18.3,217.8,,
2026/5/20 20:56,2026/5/21 5:56,2026/5/21 5:56,2026/5/21 5:56,34.240738,132.553648,34,14.444,N,132,33.219,E,256.4,0,,18.3,217.7,,
2026/5/20 20:57,2026/5/21 5:57,2026/5/21 5:57,2026/5/21 5:57,34.240735,132.553648,34,14.444,N,132,33.219,E,256.4,0,,18.3,218.7,,
2026/5/20 20:58,2026/5/21 5:58,2026/5/21 5:58,2026/5/21 5:58,34.240725,132.55365,34,14.443,N,132,33.219,E,256.4,0,,18.4,219,,
2026/5/20 20:59,2026/5/21 5:59,2026/5/21 5:59,2026/5/21 5:59,34.240723,132.55365,34,14.443,N,132,33.219,E,256.4,0,,18.5,218.9,,
2026/5/20 21:00,2026/5/21 6:00,2026/5/21 6:00,2026/5/21 6:00,34.240717,132.553653,34,14.443,N,132,33.219,E,256.4,0,,18.5,219,,
2026/5/20 21:01,2026/5/21 6:01,2026/5/21 6:01,2026/5/21 6:01,34.240723,132.553652,34,14.443,N,132,33.219,E,256.4,0,,18.5,218.6,,
2026/5/20 21:02,2026/5/21 6:02,2026/5/21 6:02,2026/5/21 6:02,34.240727,132.553653,34,14.444,N,132,33.219,E,256.4,0,,18.5,219,,
2026/5/20 21:03,2026/5/21 6:03,2026/5/21 6:03,2026/5/21 6:03,34.240732,132.553653,34,14.444,N,132,33.219,E,256.4,0,,18.5,218.8,,
2026/5/20 21:04,2026/5/21 6:04,2026/5/21 6:04,2026/5/21 6:04,34.240738,132.553647,34,14.444,N,132,33.219,E,256.4,0,,18.5,218.9,,
2026/5/20 21:05,2026/5/21 6:05,2026/5/21 6:05,2026/5/21 6:05,34.240737,132.553647,34,14.444,N,132,33.219,E,256.4,0,,18.4,218.5,,
2026/5/20 21:06,2026/5/21 6:06,2026/5/21 6:06,2026/5/21 6:06,34.24073,132.553647,34,14.444,N,132,33.219,E,256.4,0,,18.4,218,,
2026/5/20 21:07,2026/5/21 6:07,2026/5/21 6:07,2026/5/21 6:07,34.24073,132.55365,34,14.444,N,132,33.219,E,256.4,0,,18.4,217.8,,
2026/5/20 21:08,2026/5/21 6:08,2026/5/21 6:08,2026/5/21 6:08,34.240725,132.55365,34,14.443,N,132,33.219,E,256.4,0,,18.4,217.7,,
2026/5/20 21:09,2026/5/21 6:09,2026/5/21 6:09,2026/5/21 6:09,34.240723,132.553653,34,14.443,N,132,33.219,E,256.4,0,,18.3,217.3,,
2026/5/20 21:10,2026/5/21 6:10,2026/5/21 6:10,2026/5/21 6:10,34.240727,132.553653,34,14.444,N,132,33.219,E,256.4,0,,18.3,217.9,,
2026/5/20 21:11,2026/5/21 6:11,2026/5/21 6:11,2026/5/21 6:11,34.24072,132.553648,34,14.443,N,132,33.219,E,256.4,0,,18.4,218.4,,
2026/5/20 21:12,2026/5/21 6:12,2026/5/21 6:12,2026/5/21 6:12,34.240722,132.553653,34,14.443,N,132,33.219,E,256.4,0,,18.4,218.4,,
2026/5/20 21:13,2026/5/21 6:13,2026/5/21 6:13,2026/5/21 6:13,34.240725,132.553653,34,14.443,N,132,33.219,E,256.4,0,,18.4,218.6,,
2026/5/20 21:14,2026/5/21 6:14,2026/5/21 6:14,2026/5/21 6:14,34.24072,132.553657,34,14.443,N,132,33.219,E,256.4,0,,18.4,218.3,,
2026/5/20 21:15,2026/5/21 6:15,2026/5/21 6:15,2026/5/21 6:15,34.240717,132.553653,34,14.443,N,132,33.219,E,256.4,0,,18.4,218.1,,
2026/5/20 21:16,2026/5/21 6:16,2026/5/21 6:16,2026/5/21 6:16,34.240718,132.553658,34,14.443,N,132,33.219,E,256.4,0,,18.4,217.9,,
2026/5/20 21:17,2026/5/21 6:17,2026/5/21 6:17,2026/5/21 6:17,34.240718,132.553662,34,14.443,N,132,33.22,E,256.4,0,,18.6,217.8,,
2026/5/20 21:18,2026/5/21 6:18,2026/5/21 6:18,2026/5/21 6:18,34.240712,132.553657,34,14.443,N,132,33.219,E,256.4,0,,18.7,217.8,,
2026/5/20 21:19,2026/5/21 6:19,2026/5/21 6:19,2026/5/21 6:19,34.240713,132.553653,34,14.443,N,132,33.219,E,256.4,0,,18.8,217.6,,
2026/5/20 21:20,2026/5/21 6:20,2026/5/21 6:20,2026/5/21 6:20,34.240723,132.553647,34,14.443,N,132,33.219,E,256.4,0,,18.8,217.9,,
2026/5/20 21:21,2026/5/21 6:21,2026/5/21 6:21,2026/5/21 6:21,34.24073,132.553647,34,14.444,N,132,33.219,E,256.4,0,,18.9,217.7,,
2026/5/20 21:22,2026/5/21 6:22,2026/5/21 6:22,2026/5/21 6:22,34.240737,132.553645,34,14.444,N,132,33.219,E,256.4,0,,18.8,217.7,,
2026/5/20 21:23,2026/5/21 6:23,2026/5/21 6:23,2026/5/21 6:23,34.24073,132.553645,34,14.444,N,132,33.219,E,256.4,0,,18.8,217.5,,
2026/5/20 21:24,2026/5/21 6:24,2026/5/21 6:24,2026/5/21 6:24,34.240725,132.553657,34,14.443,N,132,33.219,E,256.4,0,,18.8,217.6,,
2026/5/20 21:25,2026/5/21 6:25,2026/5/21 6:25,2026/5/21 6:25,34.24071,132.553662,34,14.443,N,132,33.22,E,256.4,0,,18.8,217.7,,
2026/5/20 21:26,2026/5/21 6:26,2026/5/21 6:26,2026/5/21 6:26,34.240713,132.553668,34,14.443,N,132,33.22,E,256.4,0,,18.8,217.8,,
2026/5/20 21:27,2026/5/21 6:27,2026/5/21 6:27,2026/5/21 6:27,34.240725,132.553673,34,14.443,N,132,33.22,E,256.4,0,,18.8,218.2,,
2026/5/20 21:28,2026/5/21 6:28,2026/5/21 6:28,2026/5/21 6:28,34.240727,132.55367,34,14.444,N,132,33.22,E,256.4,0,,18.8,218.3,,
2026/5/20 21:29,2026/5/21 6:29,2026/5/21 6:29,2026/5/21 6:29,34.240728,132.553667,34,14.444,N,132,33.22,E,256.4,0,,18.8,218.4,,
2026/5/20 21:30,2026/5/21 6:30,2026/5/21 6:30,2026/5/21 6:30,34.240727,132.553662,34,14.444,N,132,33.22,E,256.4,0,,18.8,218.5,,
2026/5/20 21:31,2026/5/21 6:31,2026/5/21 6:31,2026/5/21 6:31,34.240723,132.55366,34,14.443,N,132,33.22,E,256.4,0,,18.8,218.3,,
2026/5/20 21:32,2026/5/21 6:32,2026/5/21 6:32,2026/5/21 6:32,34.240725,132.553662,34,14.443,N,132,33.22,E,256.4,0,,18.9,218.1,,
2026/5/20 21:33,2026/5/21 6:33,2026/5/21 6:33,2026/5/21 6:33,34.24072,132.553658,34,14.443,N,132,33.219,E,256.4,0,,18.9,217.8,,
2026/5/20 21:34,2026/5/21 6:34,2026/5/21 6:34,2026/5/21 6:34,34.240718,132.553657,34,14.443,N,132,33.219,E,256.4,0,,18.9,217.6,,
2026/5/20 21:35,2026/5/21 6:35,2026/5/21 6:35,2026/5/21 6:35,34.240727,132.553657,34,14.444,N,132,33.219,E,256.4,0,,18.9,217.8,,
2026/5/20 21:36,2026/5/21 6:36,2026/5/21 6:36,2026/5/21 6:36,34.240727,132.553645,34,14.444,N,132,33.219,E,256.4,0,,19,218.2,,
2026/5/20 21:37,2026/5/21 6:37,2026/5/21 6:37,2026/5/21 6:37,34.240717,132.553648,34,14.443,N,132,33.219,E,256.4,0,,19,218.4,,
2026/5/20 21:38,2026/5/21 6:38,2026/5/21 6:38,2026/5/21 6:38,34.240712,132.553645,34,14.443,N,132,33.219,E,256.4,0,,19,218.4,,
2026/5/20 21:39,2026/5/21 6:39,2026/5/21 6:39,2026/5/21 6:39,34.24072,132.55364,34,14.443,N,132,33.218,E,256.4,0,,19,218.6,,
2026/5/20 21:40,2026/5/21 6:40,2026/5/21 6:40,2026/5/21 6:40,34.240723,132.553637,34,14.443,N,132,33.218,E,256.4,0,,19,218.8,,
2026/5/20 21:41,2026/5/21 6:41,2026/5/21 6:41,2026/5/21 6:41,34.24072,132.55364,34,14.443,N,132,33.218,E,256.4,0,,19,218.6,,
2026/5/20 21:42,2026/5/21 6:42,2026/5/21 6:42,2026/5/21 6:42,34.240727,132.55365,34,14.444,N,132,33.219,E,256.4,0,,19,218.7,,
2026/5/20 21:43,2026/5/21 6:43,2026/5/21 6:43,2026/5/21 6:43,34.240723,132.553657,34,14.443,N,132,33.219,E,256.4,0,,19,218.8,,
2026/5/20 21:44,2026/5/21 6:44,2026/5/21 6:44,2026/5/21 6:44,34.240717,132.55365,34,14.443,N,132,33.219,E,256.4,0,,19,218.8,,
2026/5/20 21:45,2026/5/21 6:45,2026/5/21 6:45,2026/5/21 6:45,34.24072,132.553642,34,14.443,N,132,33.219,E,298.6,0,,19,218.7,,
2026/5/20 21:46,2026/5/21 6:46,2026/5/21 6:46,2026/5/21 6:46,34.240722,132.553647,34,14.443,N,132,33.219,E,298.6,0,,19,219.8,,
2026/5/20 21:47,2026/5/21 6:47,2026/5/21 6:47,2026/5/21 6:47,34.24072,132.553652,34,14.443,N,132,33.219,E,298.6,0,,19,219.1,,
2026/5/20 21:48,2026/5/21 6:48,2026/5/21 6:48,2026/5/21 6:48,34.24072,132.553655,34,14.443,N,132,33.219,E,298.6,0,,19,219.7,,
2026/5/20 21:49,2026/5/21 6:49,2026/5/21 6:49,2026/5/21 6:49,34.240722,132.553668,34,14.443,N,132,33.22,E,298.6,0,,18.9,219.3,,
2026/5/20 21:50,2026/5/21 6:50,2026/5/21 6:50,2026/5/21 6:50,34.240732,132.553675,34,14.444,N,132,33.221,E,298.6,0,,19,219,,
2026/5/20 21:51,2026/5/21 6:51,2026/5/21 6:51,2026/5/21 6:51,34.240727,132.553673,34,14.444,N,132,33.22,E,298.6,0,,19,219.3,,
2026/5/20 21:52,2026/5/21 6:52,2026/5/21 6:52,2026/5/21 6:52,34.24072,132.553667,34,14.443,N,132,33.22,E,298.6,0,,19,218.7,,
2026/5/20 21:53,2026/5/21 6:53,2026/5/21 6:53,2026/5/21 6:53,34.24072,132.553672,34,14.443,N,132,33.22,E,298.6,0,,19,218.4,,
2026/5/20 21:54,2026/5/21 6:54,2026/5/21 6:54,2026/5/21 6:54,34.240725,132.553662,34,14.443,N,132,33.22,E,298.6,0,,19.1,218.5,,
2026/5/20 21:55,2026/5/21 6:55,2026/5/21 6:55,2026/5/21 6:55,34.240727,132.553653,34,14.444,N,132,33.219,E,298.6,0,,19.1,218.6,,
2026/5/20 21:56,2026/5/21 6:56,2026/5/21 6:56,2026/5/21 6:56,34.24072,132.55364,34,14.443,N,132,33.218,E,298.6,0,,19.1,218.2,,
2026/5/20 21:57,2026/5/21 6:57,2026/5/21 6:57,2026/5/21 6:57,34.240717,132.553632,34,14.443,N,132,33.218,E,298.6,0,,19.1,218.8,,
2026/5/20 21:58,2026/5/21 6:58,2026/5/21 6:58,2026/5/21 6:58,34.240725,132.553633,34,14.443,N,132,33.218,E,298.6,0,,19.1,218.8,,
2026/5/20 21:59,2026/5/21 6:59,2026/5/21 6:59,2026/5/21 6:59,34.24072,132.553653,34,14.443,N,132,33.219,E,298.6,0,,19.1,219,,
2026/5/20 22:00,2026/5/21 7:00,2026/5/21 7:00,2026/5/21 7:00,34.240725,132.553668,34,14.443,N,132,33.22,E,298.6,0,,19.1,218.7,,
2026/5/20 22:01,2026/5/21 7:01,2026/5/21 7:01,2026/5/21 7:01,34.240718,132.553665,34,14.443,N,132,33.22,E,298.6,0,,19.1,218.3,,
2026/5/20 22:02,2026/5/21 7:02,2026/5/21 7:02,2026/5/21 7:02,34.240715,132.55367,34,14.443,N,132,33.22,E,298.6,0,,19.1,218.2,,
2026/5/20 22:03,2026/5/21 7:03,2026/5/21 7:03,2026/5/21 7:03,34.240713,132.553662,34,14.443,N,132,33.22,E,298.6,0,,19.1,218.7,,
2026/5/20 22:04,2026/5/21 7:04,2026/5/21 7:04,2026/5/21 7:04,34.240727,132.553662,34,14.444,N,132,33.22,E,298.6,0,,19.1,218.7,,
2026/5/20 22:05,2026/5/21 7:05,2026/5/21 7:05,2026/5/21 7:05,34.24073,132.553657,34,14.444,N,132,33.219,E,298.6,0,,19.1,219.8,,
2026/5/20 22:06,2026/5/21 7:06,2026/5/21 7:06,2026/5/21 7:06,34.240712,132.553652,34,14.443,N,132,33.219,E,298.6,0,,19.1,219.3,,
2026/5/20 22:07,2026/5/21 7:07,2026/5/21 7:07,2026/5/21 7:07,34.2407,132.553653,34,14.442,N,132,33.219,E,298.6,0,,19.1,219.4,,
2026/5/20 22:08,2026/5/21 7:08,2026/5/21 7:08,2026/5/21 7:08,34.240702,132.553643,34,14.442,N,132,33.219,E,298.6,0,,19.1,219.5,,
2026/5/20 22:09,2026/5/21 7:09,2026/5/21 7:09,2026/5/21 7:09,34.240712,132.553633,34,14.443,N,132,33.218,E,298.6,0,,19.1,219.1,,
2026/5/20 22:10,2026/5/21 7:10,2026/5/21 7:10,2026/5/21 7:10,34.24071,132.55363,34,14.443,N,132,33.218,E,298.6,0,,19.1,219.1,,
2026/5/20 22:11,2026/5/21 7:11,2026/5/21 7:11,2026/5/21 7:11,34.240713,132.553627,34,14.443,N,132,33.218,E,298.6,0,,19.2,219.7,,
2026/5/20 22:12,2026/5/21 7:12,2026/5/21 7:12,2026/5/21 7:12,34.240707,132.553628,34,14.442,N,132,33.218,E,298.6,0,,19.2,219.5,,
2026/5/20 22:13,2026/5/21 7:13,2026/5/21 7:13,2026/5/21 7:13,34.240712,132.553638,34,14.443,N,132,33.218,E,298.6,0,,19.2,219.4,,
2026/5/20 22:14,2026/5/21 7:14,2026/5/21 7:14,2026/5/21 7:14,34.240717,132.553635,34,14.443,N,132,33.218,E,298.6,0,,19.2,219.6,,
2026/5/20 22:15,2026/5/21 7:15,2026/5/21 7:15,2026/5/21 7:15,34.240717,132.553643,34,14.443,N,132,33.219,E,298.6,0,,19.2,219.1,,
2026/5/20 22:16,2026/5/21 7:16,2026/5/21 7:16,2026/5/21 7:16,34.24072,132.55364,34,14.443,N,132,33.218,E,298.6,0,,19.2,219.9,,
2026/5/20 22:17,2026/5/21 7:17,2026/5/21 7:17,2026/5/21 7:17,34.240708,132.553643,34,14.442,N,132,33.219,E,298.6,0,,19.2,219.1,,
2026/5/20 22:18,2026/5/21 7:18,2026/5/21 7:18,2026/5/21 7:18,34.240705,132.55364,34,14.442,N,132,33.218,E,298.6,0,,19.2,219.7,,
2026/5/20 22:19,2026/5/21 7:19,2026/5/21 7:19,2026/5/21 7:19,34.24071,132.553638,34,14.443,N,132,33.218,E,298.6,0,,19.2,219.7,,
2026/5/20 22:20,2026/5/21 7:20,2026/5/21 7:20,2026/5/21 7:20,34.240708,132.55364,34,14.442,N,132,33.218,E,153.6,0,,19.2,218.9,,
2026/5/20 22:21,2026/5/21 7:21,2026/5/21 7:21,2026/5/21 7:21,34.240717,132.553637,34,14.443,N,132,33.218,E,324.5,0,,19.2,219.5,,
2026/5/20 22:22,2026/5/21 7:22,2026/5/21 7:22,2026/5/21 7:22,34.240715,132.553628,34,14.443,N,132,33.218,E,324.5,0,,19.2,219.2,,
2026/5/20 22:23,2026/5/21 7:23,2026/5/21 7:23,2026/5/21 7:23,34.24072,132.553633,34,14.443,N,132,33.218,E,324.5,0,,19.2,219.4,,
2026/5/20 22:24,2026/5/21 7:24,2026/5/21 7:24,2026/5/21 7:24,34.240722,132.553637,34,14.443,N,132,33.218,E,324.5,0,,19.2,219.7,,
2026/5/20 22:25,2026/5/21 7:25,2026/5/21 7:25,2026/5/21 7:25,34.24072,132.55365,34,14.443,N,132,33.219,E,324.5,0,,19.2,219.4,,
2026/5/20 22:26,2026/5/21 7:26,2026/5/21 7:26,2026/5/21 7:26,34.240717,132.553658,34,14.443,N,132,33.219,E,324.5,0,,19.2,219.9,,
2026/5/20 22:27,2026/5/21 7:27,2026/5/21 7:27,2026/5/21 7:27,34.24072,132.553655,34,14.443,N,132,33.219,E,324.5,0,,19.2,219.8,,
2026/5/20 22:28,2026/5/21 7:28,2026/5/21 7:28,2026/5/21 7:28,34.240715,132.553657,34,14.443,N,132,33.219,E,324.5,0,,19.2,219.5,,
2026/5/20 22:29,2026/5/21 7:29,2026/5/21 7:29,2026/5/21 7:29,34.240717,132.553662,34,14.443,N,132,33.22,E,324.5,0,,19.2,217.3,,
2026/5/20 22:30,2026/5/21 7:30,2026/5/21 7:30,2026/5/21 7:30,34.240715,132.553653,34,14.443,N,132,33.219,E,324.5,0,,19.2,219,,
2026/5/20 22:31,2026/5/21 7:31,2026/5/21 7:31,2026/5/21 7:31,34.2407,132.55364,34,14.442,N,132,33.218,E,324.5,0,,19.2,217.7,,
2026/5/20 22:32,2026/5/21 7:32,2026/5/21 7:32,2026/5/21 7:32,34.240695,132.553628,34,14.442,N,132,33.218,E,324.5,0,,19.2,217.7,,
2026/5/20 22:33,2026/5/21 7:33,2026/5/21 7:33,2026/5/21 7:33,34.240698,132.553628,34,14.442,N,132,33.218,E,289.9,0,,19.3,219.4,,
2026/5/20 22:34,2026/5/21 7:34,2026/5/21 7:34,2026/5/21 7:34,34.2407,132.55364,34,14.442,N,132,33.218,E,289.9,0,,19.3,218,,
2026/5/20 22:35,2026/5/21 7:35,2026/5/21 7:35,2026/5/21 7:35,34.24071,132.553637,34,14.443,N,132,33.218,E,289.9,0,,19.3,219.6,,
2026/5/20 22:36,2026/5/21 7:36,2026/5/21 7:36,2026/5/21 7:36,34.240713,132.553647,34,14.443,N,132,33.219,E,289.9,0,,19.3,218.9,,
2026/5/20 22:37,2026/5/21 7:37,2026/5/21 7:37,2026/5/21 7:37,34.240705,132.553655,34,14.442,N,132,33.219,E,289.9,0,,19.3,217.9,,
2026/5/20 22:38,2026/5/21 7:38,2026/5/21 7:38,2026/5/21 7:38,34.240702,132.553653,34,14.442,N,132,33.219,E,289.9,0,,19.3,218.8,,
2026/5/20 22:39,2026/5/21 7:39,2026/5/21 7:39,2026/5/21 7:39,34.240705,132.553655,34,14.442,N,132,33.219,E,289.9,0,,19.3,219,,
2026/5/20 22:40,2026/5/21 7:40,2026/5/21 7:40,2026/5/21 7:40,34.240707,132.553658,34,14.442,N,132,33.219,E,289.9,0,,19.3,219.3,,
2026/5/20 22:41,2026/5/21 7:41,2026/5/21 7:41,2026/5/21 7:41,34.240702,132.553665,34,14.442,N,132,33.22,E,289.9,0,,19.3,219,,
2026/5/20 22:42,2026/5/21 7:42,2026/5/21 7:42,2026/5/21 7:42,34.240708,132.553665,34,14.442,N,132,33.22,E,289.9,0,,19.3,218.2,,
2026/5/20 22:43,2026/5/21 7:43,2026/5/21 7:43,2026/5/21 7:43,34.240712,132.55366,34,14.443,N,132,33.22,E,289.9,0,,19.3,218.9,,
2026/5/20 22:44,2026/5/21 7:44,2026/5/21 7:44,2026/5/21 7:44,34.240702,132.553658,34,14.442,N,132,33.219,E,289.9,0,,19.2,218.3,,
2026/5/20 22:45,2026/5/21 7:45,2026/5/21 7:45,2026/5/21 7:45,34.240698,132.553658,34,14.442,N,132,33.219,E,289.9,0,,19.2,218,,
2026/5/20 22:46,2026/5/21 7:46,2026/5/21 7:46,2026/5/21 7:46,34.240697,132.553658,34,14.442,N,132,33.219,E,289.9,0,,19.3,218.4,,
2026/5/20 22:47,2026/5/21 7:47,2026/5/21 7:47,2026/5/21 7:47,34.240693,132.553665,34,14.442,N,132,33.22,E,289.9,0,,19.3,217.6,,
2026/5/20 22:48,2026/5/21 7:48,2026/5/21 7:48,2026/5/21 7:48,34.240698,132.553663,34,14.442,N,132,33.22,E,289.9,0,,19.3,218.5,,
2026/5/20 22:49,2026/5/21 7:49,2026/5/21 7:49,2026/5/21 7:49,34.240702,132.553658,34,14.442,N,132,33.219,E,289.9,0,,19.3,219.3,,
2026/5/20 22:50,2026/5/21 7:50,2026/5/21 7:50,2026/5/21 7:50,34.24069,132.553668,34,14.441,N,132,33.22,E,154.7,0,,19.3,217.6,,
2026/5/20 22:51,2026/5/21 7:51,2026/5/21 7:51,2026/5/21 7:51,34.240683,132.553657,34,14.441,N,132,33.219,E,294.4,0,,19.3,219,,
2026/5/20 22:52,2026/5/21 7:52,2026/5/21 7:52,2026/5/21 7:52,34.240683,132.553662,34,14.441,N,132,33.22,E,294.4,0,,19.3,218.8,,
2026/5/20 22:53,2026/5/21 7:53,2026/5/21 7:53,2026/5/21 7:53,34.240678,132.553672,34,14.441,N,132,33.22,E,294.4,0,,19.3,217.5,,
2026/5/20 22:54,2026/5/21 7:54,2026/5/21 7:54,2026/5/21 7:54,34.24069,132.553672,34,14.441,N,132,33.22,E,294.4,0,,19.3,218.9,,
2026/5/20 22:55,2026/5/21 7:55,2026/5/21 7:55,2026/5/21 7:55,34.240695,132.553667,34,14.442,N,132,33.22,E,294.4,0,,19.2,218.3,,
2026/5/20 22:56,2026/5/21 7:56,2026/5/21 7:56,2026/5/21 7:56,34.240695,132.553657,34,14.442,N,132,33.219,E,294.4,0,,19.2,218.9,,
2026/5/20 22:57,2026/5/21 7:57,2026/5/21 7:57,2026/5/21 7:57,34.240705,132.553657,34,14.442,N,132,33.219,E,294.4,0,,19.2,219.7,,
2026/5/20 22:58,2026/5/21 7:58,2026/5/21 7:58,2026/5/21 7:58,34.240702,132.553657,34,14.442,N,132,33.219,E,294.4,0,,19.2,219.7,,
2026/5/20 22:59,2026/5/21 7:59,2026/5/21 7:59,2026/5/21 7:59,34.240697,132.553662,34,14.442,N,132,33.22,E,294.4,0,,19.2,218.7,,
2026/5/20 23:00,2026/5/21 8:00,2026/5/21 8:00,2026/5/21 8:00,34.240708,132.553662,34,14.442,N,132,33.22,E,294.4,0,,19.2,219.1,,
2026/5/20 23:01,2026/5/21 8:01,2026/5/21 8:01,2026/5/21 8:01,34.240707,132.55366,34,14.442,N,132,33.22,E,294.4,0,,19.2,219.2,,
2026/5/20 23:02,2026/5/21 8:02,2026/5/21 8:02,2026/5/21 8:02,34.240702,132.553658,34,14.442,N,132,33.219,E,294.4,0,,19.2,218.2,,
2026/5/20 23:03,2026/5/21 8:03,2026/5/21 8:03,2026/5/21 8:03,34.240702,132.553645,34,14.442,N,132,33.219,E,320.2,0,,19.2,219.3,,
2026/5/20 23:04,2026/5/21 8:04,2026/5/21 8:04,2026/5/21 8:04,34.240698,132.553643,34,14.442,N,132,33.219,E,320.2,0,,19.2,219.6,,
2026/5/20 23:05,2026/5/21 8:05,2026/5/21 8:05,2026/5/21 8:05,34.240693,132.553645,34,14.442,N,132,33.219,E,320.2,0,,19.3,218.8,,
2026/5/20 23:06,2026/5/21 8:06,2026/5/21 8:06,2026/5/21 8:06,34.240692,132.553658,34,14.442,N,132,33.219,E,320.2,0,,19.3,217.4,,
2026/5/20 23:07,2026/5/21 8:07,2026/5/21 8:07,2026/5/21 8:07,34.240687,132.553658,34,14.441,N,132,33.219,E,320.2,0,,19.3,218.3,,
2026/5/20 23:08,2026/5/21 8:08,2026/5/21 8:08,2026/5/21 8:08,34.24069,132.553647,34,14.441,N,132,33.219,E,320.2,0,,19.3,219.8,,
2026/5/20 23:09,2026/5/21 8:09,2026/5/21 8:09,2026/5/21 8:09,34.240693,132.553653,34,14.442,N,132,33.219,E,320.2,0,,19.2,218.9,,
2026/5/20 23:10,2026/5/21 8:10,2026/5/21 8:10,2026/5/21 8:10,34.240697,132.55365,34,14.442,N,132,33.219,E,320.2,0,,19.2,218.9,,
2026/5/20 23:11,2026/5/21 8:11,2026/5/21 8:11,2026/5/21 8:11,34.240707,132.553653,34,14.442,N,132,33.219,E,320.2,0,,19.2,218.9,,
2026/5/20 23:12,2026/5/21 8:12,2026/5/21 8:12,2026/5/21 8:12,34.240717,132.553653,34,14.443,N,132,33.219,E,320.2,0,,19.2,219.1,,
2026/5/20 23:13,2026/5/21 8:13,2026/5/21 8:13,2026/5/21 8:13,34.240715,132.553647,34,14.443,N,132,33.219,E,320.2,0,,19.2,218.9,,
2026/5/20 23:14,2026/5/21 8:14,2026/5/21 8:14,2026/5/21 8:14,34.24072,132.553655,34,14.443,N,132,33.219,E,320.2,0,,19.1,219.1,,
2026/5/20 23:15,2026/5/21 8:15,2026/5/21 8:15,2026/5/21 8:15,34.240717,132.55365,34,14.443,N,132,33.219,E,320.2,0,,19.2,219.2,,
2026/5/20 23:16,2026/5/21 8:16,2026/5/21 8:16,2026/5/21 8:16,34.24072,132.553658,34,14.443,N,132,33.219,E,320.2,0,,19,218.9,,
2026/5/20 23:17,2026/5/21 8:17,2026/5/21 8:17,2026/5/21 8:17,34.240717,132.553662,34,14.443,N,132,33.22,E,320.2,0,8.4,18.7,219.6,,
2026/5/20 23:18,2026/5/21 8:18,2026/5/21 8:18,2026/5/21 8:18,34.240705,132.553663,34,14.442,N,132,33.22,E,320.2,0,8.5,18.7,219,,
2026/5/20 23:19,2026/5/21 8:19,2026/5/21 8:19,2026/5/21 8:19,34.240702,132.553653,34,14.442,N,132,33.219,E,320.2,0,8.4,18.7,218.4,,
2026/5/20 23:20,2026/5/21 8:20,2026/5/21 8:20,2026/5/21 8:20,34.240697,132.55365,34,14.442,N,132,33.219,E,320.2,0,8.5,18.7,219.3,,
2026/5/20 23:21,2026/5/21 8:21,2026/5/21 8:21,2026/5/21 8:21,34.240695,132.55365,34,14.442,N,132,33.219,E,320.2,0,8.5,18.7,218.6,,
2026/5/20 23:22,2026/5/21 8:22,2026/5/21 8:22,2026/5/21 8:22,34.240693,132.553648,34,14.442,N,132,33.219,E,320.2,0,8.5,18.8,218.9,,
2026/5/20 23:23,2026/5/21 8:23,2026/5/21 8:23,2026/5/21 8:23,34.240693,132.553648,34,14.442,N,132,33.219,E,320.2,0,8.7,18.9,217,347.8,1.5
2026/5/20 23:24,2026/5/21 8:24,2026/5/21 8:24,2026/5/21 8:24,34.240697,132.553643,34,14.442,N,132,33.219,E,320.2,0,8.5,19,219,348.4,2.4
2026/5/20 23:25,2026/5/21 8:25,2026/5/21 8:25,2026/5/21 8:25,34.2407,132.553645,34,14.442,N,132,33.219,E,320.2,0,8.7,18.9,218.1,2,1.9
2026/5/20 23:26,2026/5/21 8:26,2026/5/21 8:26,2026/5/21 8:26,34.240698,132.55365,34,14.442,N,132,33.219,E,320.2,0,8.7,18.9,218.1,354.8,2.9
2026/5/20 23:27,2026/5/21 8:27,2026/5/21 8:27,2026/5/21 8:27,34.240712,132.553653,34,14.443,N,132,33.219,E,320.2,0,8.7,19,218.3,357.7,1.8
2026/5/20 23:28,2026/5/21 8:28,2026/5/21 8:28,2026/5/21 8:28,34.240715,132.553648,34,14.443,N,132,33.219,E,320.2,0,8.5,19,219,352.6,2.9
2026/5/20 23:29,2026/5/21 8:29,2026/5/21 8:29,2026/5/21 8:29,34.240715,132.55365,34,14.443,N,132,33.219,E,320.2,0,8.5,19,218.8,358.6,1.7
2026/5/20 23:30,2026/5/21 8:30,2026/5/21 8:30,2026/5/21 8:30,34.240712,132.553658,34,14.443,N,132,33.219,E,320.2,0,8.7,18.9,218.2,8.7,2.1
2026/5/20 23:31,2026/5/21 8:31,2026/5/21 8:31,2026/5/21 8:31,34.240727,132.553658,34,14.444,N,132,33.219,E,320.2,0,8.7,18.8,217.8,0.3,1.4
2026/5/20 23:32,2026/5/21 8:32,2026/5/21 8:32,2026/5/21 8:32,34.240733,132.553647,34,14.444,N,132,33.219,E,320.2,0,8.7,18.9,218.2,355.5,3.4
2026/5/20 23:33,2026/5/21 8:33,2026/5/21 8:33,2026/5/21 8:33,34.240733,132.553633,34,14.444,N,132,33.218,E,320.2,0,8.5,18.9,219.1,356.6,2.9
2026/5/20 23:34,2026/5/21 8:34,2026/5/21 8:34,2026/5/21 8:34,34.240727,132.553635,34,14.444,N,132,33.218,E,320.2,0,8.7,18.9,218.6,2.5,2.5
2026/5/20 23:35,2026/5/21 8:35,2026/5/21 8:35,2026/5/21 8:35,34.24072,132.553637,34,14.443,N,132,33.218,E,320.2,0,8.7,18.9,218,357.1,2.1
2026/5/20 23:36,2026/5/21 8:36,2026/5/21 8:36,2026/5/21 8:36,34.240712,132.553637,34,14.443,N,132,33.218,E,320.2,0,8.7,18.9,217.9,349.4,3.2
2026/5/20 23:37,2026/5/21 8:37,2026/5/21 8:37,2026/5/21 8:37,34.240713,132.55364,34,14.443,N,132,33.218,E,320.2,0,8.7,18.8,217.9,344.7,3.5
2026/5/20 23:38,2026/5/21 8:38,2026/5/21 8:38,2026/5/21 8:38,34.240708,132.553645,34,14.442,N,132,33.219,E,320.2,0,8.7,18.9,218,351.5,2.9
2026/5/20 23:39,2026/5/21 8:39,2026/5/21 8:39,2026/5/21 8:39,34.240705,132.553645,34,14.442,N,132,33.219,E,320.2,0,8.8,18.9,217.9,349.3,3
2026/5/20 23:40,2026/5/21 8:40,2026/5/21 8:40,2026/5/21 8:40,34.240727,132.553653,34,14.444,N,132,33.219,E,320.2,0,8.9,18.9,217.7,4.5,2.8
2026/5/20 23:41,2026/5/21 8:41,2026/5/21 8:41,2026/5/21 8:41,34.240742,132.553653,34,14.445,N,132,33.219,E,320.2,0,8.8,19,217.7,350.9,2.8
2026/5/20 23:42,2026/5/21 8:42,2026/5/21 8:42,2026/5/21 8:42,34.240737,132.553657,34,14.444,N,132,33.219,E,320.2,0,8.8,19,217.8,359.2,3.4
2026/5/20 23:43,2026/5/21 8:43,2026/5/21 8:43,2026/5/21 8:43,34.240728,132.55366,34,14.444,N,132,33.22,E,320.2,0,8.7,19,218.5,350.6,3.8
2026/5/20 23:44,2026/5/21 8:44,2026/5/21 8:44,2026/5/21 8:44,34.240712,132.553665,34,14.443,N,132,33.22,E,320.2,0,8.8,19,217.9,2.1,2.2
2026/5/20 23:45,2026/5/21 8:45,2026/5/21 8:45,2026/5/21 8:45,34.240705,132.55366,34,14.442,N,132,33.22,E,320.2,0,8.8,19,218,359.2,4.1
2026/5/20 23:46,2026/5/21 8:46,2026/5/21 8:46,2026/5/21 8:46,34.2407,132.553657,34,14.442,N,132,33.219,E,320.2,0,8.8,19.1,218.7,356.3,3.2
2026/5/20 23:47,2026/5/21 8:47,2026/5/21 8:47,2026/5/21 8:47,34.240705,132.553657,34,14.442,N,132,33.219,E,320.2,0,8.8,19.1,218.7,352.2,4.1
2026/5/20 23:48,2026/5/21 8:48,2026/5/21 8:48,2026/5/21 8:48,34.240705,132.553648,34,14.442,N,132,33.219,E,320.2,0,8.8,19,218.4,357.9,2.9
2026/5/20 23:49,2026/5/21 8:49,2026/5/21 8:49,2026/5/21 8:49,34.240707,132.553643,34,14.442,N,132,33.219,E,320.2,0,8.8,19,219.2,355.7,2.5
2026/5/20 23:50,2026/5/21 8:50,2026/5/21 8:50,2026/5/21 8:50,34.240707,132.553632,34,14.442,N,132,33.218,E,320.2,0,8.8,19,220,349.6,2.2
2026/5/20 23:51,2026/5/21 8:51,2026/5/21 8:51,2026/5/21 8:51,34.24071,132.553632,34,14.443,N,132,33.218,E,320.2,0,8.8,19,220,353.5,2.8
2026/5/20 23:52,2026/5/21 8:52,2026/5/21 8:52,2026/5/21 8:52,34.240708,132.553635,34,14.442,N,132,33.218,E,320.2,0,8.8,19,219.8,2,2.7
2026/5/20 23:53,2026/5/21 8:53,2026/5/21 8:53,2026/5/21 8:53,34.240707,132.553647,34,14.442,N,132,33.219,E,320.2,0,8.8,19,219.7,359.7,3.7
2026/5/20 23:54,2026/5/21 8:54,2026/5/21 8:54,2026/5/21 8:54,34.240718,132.553648,34,14.443,N,132,33.219,E,320.2,0,8.9,18.9,219.6,1.7,3.6
2026/5/20 23:55,2026/5/21 8:55,2026/5/21 8:55,2026/5/21 8:55,34.24072,132.553648,34,14.443,N,132,33.219,E,320.2,0,8.8,18.9,219.6,352.2,3.4
2026/5/20 23:56,2026/5/21 8:56,2026/5/21 8:56,2026/5/21 8:56,34.240717,132.553643,34,14.443,N,132,33.219,E,320.2,0,8.8,18.8,219.3,6.1,2.7
2026/5/20 23:57,2026/5/21 8:57,2026/5/21 8:57,2026/5/21 8:57,34.240713,132.553645,34,14.443,N,132,33.219,E,118.5,0,8.9,18.9,218.6,350.6,2.5
2026/5/20 23:58,2026/5/21 8:58,2026/5/21 8:58,2026/5/21 8:58,34.240713,132.553643,34,14.443,N,132,33.219,E,118.5,0,8.9,19.2,218.9,6.1,1
2026/5/20 23:59,2026/5/21 8:59,2026/5/21 8:59,2026/5/21 8:59,34.240715,132.55364,34,14.443,N,132,33.218,E,118.5,0,8.9,19.3,218.7,0.2,1.4
2026/5/21 0:00,2026/5/21 9:00,2026/5/21 9:00,2026/5/21 9:00,34.24072,132.553642,34,14.443,N,132,33.219,E,118.5,0,8.8,18.7,219.4,271.8,0.4
2026/5/21 0:01,2026/5/21 9:01,2026/5/21 9:01,2026/5/21 9:01,34.240728,132.553643,34,14.444,N,132,33.219,E,118.5,0,8.8,18.2,219.8,77.5,0.1
2026/5/21 0:02,2026/5/21 9:02,2026/5/21 9:02,2026/5/21 9:02,34.24072,132.553653,34,14.443,N,132,33.219,E,114,0,9.1,18.1,218,221.6,0.7
2026/5/21 0:03,2026/5/21 9:03,2026/5/21 9:03,2026/5/21 9:03,34.240722,132.55364,34,14.443,N,132,33.218,E,303.6,0,8.9,18.2,220.4,201.8,0.4
2026/5/21 0:04,2026/5/21 9:04,2026/5/21 9:04,2026/5/21 9:04,34.240713,132.553652,34,14.443,N,132,33.219,E,103.1,0,8.8,18.4,216.8,254.8,0.3
2026/5/21 0:05,2026/5/21 9:05,2026/5/21 9:05,2026/5/21 9:05,34.240762,132.553512,34,14.446,N,132,33.211,E,251.2,0.6,9.5,18.4,222.5,12.4,0.4
2026/5/21 0:06,2026/5/21 9:06,2026/5/21 9:06,2026/5/21 9:06,34.240367,132.552982,34,14.422,N,132,33.179,E,226.4,2.9,9.9,19,224.9,318.6,1.1
2026/5/21 0:07,2026/5/21 9:07,2026/5/21 9:07,2026/5/21 9:07,34.239593,132.552003,34,14.376,N,132,33.12,E,228.1,4.4,11.4,19.8,230.2,316.9,3.8
2026/5/21 0:08,2026/5/21 9:08,2026/5/21 9:08,2026/5/21 9:08,34.238708,132.550767,34,14.322,N,132,33.046,E,230.4,5.1,13.2,19.7,230.9,297.3,3
2026/5/21 0:09,2026/5/21 9:09,2026/5/21 9:09,2026/5/21 9:09,34.23783,132.549313,34,14.27,N,132,32.959,E,236.9,5.4,14,20.1,237.7,309.9,2.5
2026/5/21 0:10,2026/5/21 9:10,2026/5/21 9:10,2026/5/21 9:10,34.236987,132.547717,34,14.219,N,132,32.863,E,237.3,5.6,15.2,19.9,237.9,307.5,3.6
2026/5/21 0:11,2026/5/21 9:11,2026/5/21 9:11,2026/5/21 9:11,34.2363,132.546017,34,14.178,N,132,32.761,E,248.9,5.6,16.3,20.2,251.6,329.3,3.1
2026/5/21 0:12,2026/5/21 9:12,2026/5/21 9:12,2026/5/21 9:12,34.235773,132.544212,34,14.146,N,132,32.653,E,250.2,5.7,17.5,20.4,249.5,324.4,3.3
2026/5/21 0:13,2026/5/21 9:13,2026/5/21 9:13,2026/5/21 9:13,34.235202,132.542282,34,14.112,N,132,32.537,E,250,6.6,18.2,20.5,250.1,287.2,3.7
2026/5/21 0:14,2026/5/21 9:14,2026/5/21 9:14,2026/5/21 9:14,34.234517,132.540012,34,14.071,N,132,32.401,E,250,7.3,18.9,20.4,250.8,302.8,3
2026/5/21 0:15,2026/5/21 9:15,2026/5/21 9:15,2026/5/21 9:15,34.23372,132.537665,34,14.023,N,132,32.26,E,246.6,7.9,19.6,20.2,247,291.7,3.6
2026/5/21 0:16,2026/5/21 9:16,2026/5/21 9:16,2026/5/21 9:16,34.232795,132.535138,34,13.968,N,132,32.108,E,247.8,8.2,20.4,20.3,250.4,280.6,4.6
2026/5/21 0:17,2026/5/21 9:17,2026/5/21 9:17,2026/5/21 9:17,34.231995,132.532383,34,13.92,N,132,31.943,E,250.5,9,21.2,20.1,251.2,278.6,5.3
2026/5/21 0:18,2026/5/21 9:18,2026/5/21 9:18,2026/5/21 9:18,34.231115,132.529215,34,13.867,N,132,31.753,E,251.2,10.2,21.9,20,250.7,277.6,6.1
2026/5/21 0:19,2026/5/21 9:19,2026/5/21 9:19,2026/5/21 9:19,34.229653,132.52634,34,13.779,N,132,31.58,E,225.2,10.2,22.9,19.7,219.2,270.7,6.9
2026/5/21 0:20,2026/5/21 9:20,2026/5/21 9:20,2026/5/21 9:20,34.227332,132.524143,34,13.64,N,132,31.449,E,218.1,10.5,23,19.2,218.3,244.6,7.9
2026/5/21 0:21,2026/5/21 9:21,2026/5/21 9:21,2026/5/21 9:21,34.225012,132.521945,34,13.501,N,132,31.317,E,218.4,10.6,22.9,19.8,219.4,241.7,7.5
2026/5/21 0:22,2026/5/21 9:22,2026/5/21 9:22,2026/5/21 9:22,34.222685,132.519703,34,13.361,N,132,31.182,E,218.5,10.7,22.9,20.2,218.6,245,7.8
2026/5/21 0:23,2026/5/21 9:23,2026/5/21 9:23,2026/5/21 9:23,34.22035,132.51745,34,13.221,N,132,31.047,E,218.7,10.7,23,20.2,219,248.4,7.5
2026/5/21 0:24,2026/5/21 9:24,2026/5/21 9:24,2026/5/21 9:24,34.218023,132.515198,34,13.081,N,132,30.912,E,218.7,10.7,23.1,20.3,218.7,243.7,7.4
2026/5/21 0:25,2026/5/21 9:25,2026/5/21 9:25,2026/5/21 9:25,34.215708,132.512975,34,12.942,N,132,30.779,E,218.5,10.6,23.1,20.1,218.5,244.8,7.2
2026/5/21 0:26,2026/5/21 9:26,2026/5/21 9:26,2026/5/21 9:26,34.2134,132.510792,34,12.804,N,132,30.648,E,218.4,10.6,23.1,19.9,217.8,245.1,8
2026/5/21 0:27,2026/5/21 9:27,2026/5/21 9:27,2026/5/21 9:27,34.211063,132.508618,34,12.664,N,132,30.517,E,215.6,10.6,23.3,19.4,212.4,252.4,7.8
2026/5/21 0:28,2026/5/21 9:28,2026/5/21 9:28,2026/5/21 9:28,34.20863,132.506578,34,12.518,N,132,30.395,E,215.3,10.5,23.5,19.4,214.8,237.9,8.6
2026/5/21 0:29,2026/5/21 9:29,2026/5/21 9:29,2026/5/21 9:29,34.206237,132.504527,34,12.374,N,132,30.272,E,215.3,10.6,23.5,19.3,215.6,242.2,8.2
2026/5/21 0:30,2026/5/21 9:30,2026/5/21 9:30,2026/5/21 9:30,34.203798,132.502475,34,12.228,N,132,30.149,E,213.2,10.6,23.8,19.3,211.2,240.6,8.1
2026/5/21 0:31,2026/5/21 9:31,2026/5/21 9:31,2026/5/21 9:31,34.201315,132.500542,34,12.079,N,132,30.033,E,213,10.6,23.9,19.1,213,243.7,4.6
2026/5/21 0:32,2026/5/21 9:32,2026/5/21 9:32,2026/5/21 9:32,34.19884,132.49859,34,11.93,N,132,29.915,E,213.5,10.6,24.5,19.1,213.4,232.9,8.1
2026/5/21 0:33,2026/5/21 9:33,2026/5/21 9:33,2026/5/21 9:33,34.196365,132.496628,34,11.782,N,132,29.798,E,213,10.6,24.2,19.1,213.2,238.1,6.1
2026/5/21 0:34,2026/5/21 9:34,2026/5/21 9:34,2026/5/21 9:34,34.19388,132.494665,34,11.633,N,132,29.68,E,213.5,10.6,24.2,19.1,213.4,243.4,8
2026/5/21 0:35,2026/5/21 9:35,2026/5/21 9:35,2026/5/21 9:35,34.19142,132.492718,34,11.485,N,132,29.563,E,213.4,10.6,24.4,19.2,213.4,242.1,7.8
2026/5/21 0:36,2026/5/21 9:36,2026/5/21 9:36,2026/5/21 9:36,34.188885,132.490863,34,11.333,N,132,29.452,E,205.9,10.5,24.6,18.9,198.9,233.9,8.3
2026/5/21 0:37,2026/5/21 9:37,2026/5/21 9:37,2026/5/21 9:37,34.186018,132.49013,34,11.161,N,132,29.408,E,188.5,10.5,24.1,18.8,187.2,211.5,8.8
2026/5/21 0:38,2026/5/21 9:38,2026/5/21 9:38,2026/5/21 9:38,34.18308,132.48968,34,10.985,N,132,29.381,E,187.6,10.5,23.5,18.6,187.7,202.3,9.3
2026/5/21 0:39,2026/5/21 9:39,2026/5/21 9:39,2026/5/21 9:39,34.18018,132.489222,34,10.811,N,132,29.353,E,187.1,10.5,23.4,18.4,187.4,207.4,8.1
2026/5/21 0:40,2026/5/21 9:40,2026/5/21 9:40,2026/5/21 9:40,34.177337,132.488877,34,10.64,N,132,29.333,E,185.5,10.5,24.5,17.6,185.4,207.4,8.4
2026/5/21 0:41,2026/5/21 9:41,2026/5/21 9:41,2026/5/21 9:41,34.174417,132.488585,34,10.465,N,132,29.315,E,183.9,10.5,29.4,17.5,185,209.6,8.1
2026/5/21 0:42,2026/5/21 9:42,2026/5/21 9:42,2026/5/21 9:42,34.171537,132.488487,34,10.292,N,132,29.309,E,179.9,9.9,29.8,16.6,180.5,,
2026/5/21 0:43,2026/5/21 9:43,2026/5/21 9:43,2026/5/21 9:43,34.168747,132.488482,34,10.125,N,132,29.309,E,178.7,10,24.4,16.7,172.4,250.9,4.2
2026/5/21 0:44,2026/5/21 9:44,2026/5/21 9:44,2026/5/21 9:44,34.166098,132.489092,34,09.966,N,132,29.346,E,163,9.7,19,16.6,162.9,267.4,2.8
2026/5/21 0:45,2026/5/21 9:45,2026/5/21 9:45,2026/5/21 9:45,34.163395,132.489737,34,09.804,N,132,29.384,E,170.7,10,31.9,16.6,171.3,,
2026/5/21 0:46,2026/5/21 9:46,2026/5/21 9:46,2026/5/21 9:46,34.160598,132.490245,34,09.636,N,132,29.415,E,171.1,10,29.7,16.8,172.5,,
2026/5/21 0:47,2026/5/21 9:47,2026/5/21 9:47,2026/5/21 9:47,34.158363,132.490722,34,09.502,N,132,29.443,E,167.9,7.7,19.4,16.6,167.9,,
2026/5/21 0:48,2026/5/21 9:48,2026/5/21 9:48,2026/5/21 9:48,34.156238,132.491367,34,09.374,N,132,29.482,E,164.9,8.1,19.4,16.7,165,281.3,6.4
2026/5/21 0:49,2026/5/21 9:49,2026/5/21 9:49,2026/5/21 9:49,34.154073,132.491958,34,09.244,N,132,29.517,E,175,7.5,15.5,16.8,178.6,288.6,7.3
2026/5/21 0:50,2026/5/21 9:50,2026/5/21 9:50,2026/5/21 9:50,34.151893,132.491918,34,09.114,N,132,29.515,E,181.3,8.2,20.8,16.8,180.2,,
2026/5/21 0:51,2026/5/21 9:51,2026/5/21 9:51,2026/5/21 9:51,34.149313,132.491902,34,08.959,N,132,29.514,E,177.7,9.6,33.9,16.9,172.6,,
2026/5/21 0:52,2026/5/21 9:52,2026/5/21 9:52,2026/5/21 9:52,34.146652,132.492662,34,08.799,N,132,29.56,E,161.8,10.1,41.5,16.8,159.6,,
2026/5/21 0:53,2026/5/21 9:53,2026/5/21 9:53,2026/5/21 9:53,34.14416,132.494352,34,08.650,N,132,29.661,E,142,10.1,18.8,16.8,139.7,,
2026/5/21 0:54,2026/5/21 9:54,2026/5/21 9:54,2026/5/21 9:54,34.14197,132.496607,34,08.518,N,132,29.796,E,139.8,10.4,27.9,16.8,145.5,,
2026/5/21 0:55,2026/5/21 9:55,2026/5/21 9:55,2026/5/21 9:55,34.139525,132.49674,34,08.372,N,132,29.804,E,204,8.8,24.2,16.9,217.6,,
2026/5/21 0:56,2026/5/21 9:56,2026/5/21 9:56,2026/5/21 9:56,34.137433,132.494652,34,08.246,N,132,29.679,E,220.4,10.1,28.6,16.9,220.6,,
2026/5/21 0:57,2026/5/21 9:57,2026/5/21 9:57,2026/5/21 9:57,34.135403,132.492195,34,08.124,N,132,29.532,E,230.6,10.4,27.6,17,237.6,,
2026/5/21 0:58,2026/5/21 9:58,2026/5/21 9:58,2026/5/21 9:58,34.134555,132.48893,34,08.073,N,132,29.336,E,256.5,10.3,21.6,16.9,255.4,,
2026/5/21 0:59,2026/5/21 9:59,2026/5/21 9:59,2026/5/21 9:59,34.133867,132.485627,34,08.032,N,132,29.138,E,255.5,10.3,16,16.8,255.6,,
2026/5/21 1:00,2026/5/21 10:00,2026/5/21 10:00,2026/5/21 10:00,34.133138,132.482233,34,07.988,N,132,28.934,E,255.6,10.3,15.1,16.9,255,,
2026/5/21 1:01,2026/5/21 10:01,2026/5/21 10:01,2026/5/21 10:01,34.13244,132.478898,34,07.946,N,132,28.734,E,256.1,10.2,15.4,16.9,254.3,,
2026/5/21 1:02,2026/5/21 10:02,2026/5/21 10:02,2026/5/21 10:02,34.131777,132.475565,34,07.907,N,132,28.534,E,256.4,10.3,15.6,16.9,255.4,,
2026/5/21 1:03,2026/5/21 10:03,2026/5/21 10:03,2026/5/21 10:03,34.131088,132.47219,34,07.865,N,132,28.331,E,256,10.2,15.5,16.9,255.1,,
2026/5/21 1:04,2026/5/21 10:04,2026/5/21 10:04,2026/5/21 10:04,34.130397,132.46887,34,07.824,N,132,28.132,E,255.8,10.2,15.6,17,254.6,,
2026/5/21 1:05,2026/5/21 10:05,2026/5/21 10:05,2026/5/21 10:05,34.129685,132.4656,34,07.781,N,132,27.936,E,255.6,10.3,16,17,255.6,,
2026/5/21 1:06,2026/5/21 10:06,2026/5/21 10:06,2026/5/21 10:06,34.128728,132.46236,34,07.724,N,132,27.742,E,249.1,10.2,16.4,17,249.3,,
2026/5/21 1:07,2026/5/21 10:07,2026/5/21 10:07,2026/5/21 10:07,34.127728,132.459128,34,07.664,N,132,27.548,E,249.4,10.3,16.7,17,249.5,,
2026/5/21 1:08,2026/5/21 10:08,2026/5/21 10:08,2026/5/21 10:08,34.126707,132.455833,34,07.602,N,132,27.35,E,249.4,10.3,17.5,17,248.4,,
2026/5/21 1:09,2026/5/21 10:09,2026/5/21 10:09,2026/5/21 10:09,34.125698,132.452588,34,07.542,N,132,27.155,E,249.5,10.3,18.5,17,249.2,,
2026/5/21 1:10,2026/5/21 10:10,2026/5/21 10:10,2026/5/21 10:10,34.124708,132.449325,34,07.482,N,132,26.959,E,250.1,10.3,18.4,16.9,249.3,,
2026/5/21 1:11,2026/5/21 10:11,2026/5/21 10:11,2026/5/21 10:11,34.123772,132.44611,34,07.426,N,132,26.767,E,250.5,10.1,18.8,17.2,248.8,,
2026/5/21 1:12,2026/5/21 10:12,2026/5/21 10:12,2026/5/21 10:12,34.122875,132.44295,34,07.373,N,132,26.577,E,250.9,10.1,18.8,17.3,249.5,,
2026/5/21 1:13,2026/5/21 10:13,2026/5/21 10:13,2026/5/21 10:13,34.12192,132.439798,34,07.315,N,132,26.388,E,247.2,9.9,19,17.3,236.7,,
2026/5/21 1:14,2026/5/21 10:14,2026/5/21 10:14,2026/5/21 10:14,34.119753,132.438295,34,07.185,N,132,26.298,E,193.6,9.1,19.7,17.4,191.4,,
2026/5/21 1:15,2026/5/21 10:15,2026/5/21 10:15,2026/5/21 10:15,34.117152,132.43771,34,07.029,N,132,26.263,E,190.7,9.6,22,17.6,191.6,,
2026/5/21 1:16,2026/5/21 10:16,2026/5/21 10:16,2026/5/21 10:16,34.114443,132.437105,34,06.867,N,132,26.226,E,190.8,9.8,25.7,17.6,191.3,,
2026/5/21 1:17,2026/5/21 10:17,2026/5/21 10:17,2026/5/21 10:17,34.111732,132.436455,34,06.704,N,132,26.187,E,191.1,9.9,29.1,17.7,191.1,,
2026/5/21 1:18,2026/5/21 10:18,2026/5/21 10:18,2026/5/21 10:18,34.109005,132.435812,34,06.540,N,132,26.149,E,191.1,9.9,32.7,17.6,191.2,,
2026/5/21 1:19,2026/5/21 10:19,2026/5/21 10:19,2026/5/21 10:19,34.106308,132.435192,34,06.378,N,132,26.112,E,190.9,10,35.3,17.6,191.7,,
2026/5/21 1:20,2026/5/21 10:20,2026/5/21 10:20,2026/5/21 10:20,34.103563,132.434545,34,06.214,N,132,26.073,E,190.7,10,37,17.5,190.6,,
2026/5/21 1:21,2026/5/21 10:21,2026/5/21 10:21,2026/5/21 10:21,34.100823,132.43391,34,06.049,N,132,26.035,E,191.4,10,38.3,17.2,192.3,,
2026/5/21 1:22,2026/5/21 10:22,2026/5/21 10:22,2026/5/21 10:22,34.098037,132.4332,34,05.882,N,132,25.992,E,191.8,10,38.5,17.3,191.3,,
2026/5/21 1:23,2026/5/21 10:23,2026/5/21 10:23,2026/5/21 10:23,34.09529,132.432555,34,05.717,N,132,25.953,E,191.3,10,37.9,17.4,192,,
2026/5/21 1:24,2026/5/21 10:24,2026/5/21 10:24,2026/5/21 10:24,34.092547,132.431888,34,05.553,N,132,25.913,E,191.3,10.1,37.2,17.5,190.7,,
2026/5/21 1:25,2026/5/21 10:25,2026/5/21 10:25,2026/5/21 10:25,34.089763,132.431283,34,05.386,N,132,25.877,E,189.9,10,35.9,17.9,191.4,8.1,0.4
2026/5/21 1:26,2026/5/21 10:26,2026/5/21 10:26,2026/5/21 10:26,34.086997,132.430708,34,05.220,N,132,25.842,E,190.1,10.1,35,17.9,191.3,,
2026/5/21 1:27,2026/5/21 10:27,2026/5/21 10:27,2026/5/21 10:27,34.084213,132.430063,34,05.053,N,132,25.804,E,190.6,10.1,33.8,18,191.4,,
2026/5/21 1:28,2026/5/21 10:28,2026/5/21 10:28,2026/5/21 10:28,34.081422,132.429428,34,04.885,N,132,25.766,E,190.5,10.1,33.4,18.1,190.7,,
2026/5/21 1:29,2026/5/21 10:29,2026/5/21 10:29,2026/5/21 10:29,34.078655,132.428818,34,04.719,N,132,25.729,E,190.4,10.2,32.8,18.2,190.9,,
2026/5/21 1:30,2026/5/21 10:30,2026/5/21 10:30,2026/5/21 10:30,34.075882,132.428193,34,04.553,N,132,25.692,E,190.7,10.2,34.3,18.2,191.8,,
2026/5/21 1:31,2026/5/21 10:31,2026/5/21 10:31,2026/5/21 10:31,34.073092,132.427562,34,04.386,N,132,25.654,E,190.9,10.1,34.7,18.3,191.7,,
2026/5/21 1:32,2026/5/21 10:32,2026/5/21 10:32,2026/5/21 10:32,34.070295,132.426902,34,04.218,N,132,25.614,E,191.8,10.1,31.4,17.9,192.5,,
2026/5/21 1:33,2026/5/21 10:33,2026/5/21 10:33,2026/5/21 10:33,34.067528,132.426238,34,04.052,N,132,25.574,E,191.3,10.1,29.9,17.8,191.5,,
2026/5/21 1:34,2026/5/21 10:34,2026/5/21 10:34,2026/5/21 10:34,34.064755,132.425538,34,03.885,N,132,25.532,E,191.6,10.1,29.8,17.7,191.2,,
2026/5/21 1:35,2026/5/21 10:35,2026/5/21 10:35,2026/5/21 10:35,34.061988,132.424848,34,03.719,N,132,25.491,E,191.4,10.2,30.1,17.7,190.7,,
2026/5/21 1:36,2026/5/21 10:36,2026/5/21 10:36,2026/5/21 10:36,34.059203,132.42421,34,03.552,N,132,25.453,E,190.9,10.2,30.6,18.2,191.9,304.7,1.2
2026/5/21 1:37,2026/5/21 10:37,2026/5/21 10:37,2026/5/21 10:37,34.056357,132.423588,34,03.381,N,132,25.415,E,189.8,10.2,31.9,18.4,187,,
2026/5/21 1:38,2026/5/21 10:38,2026/5/21 10:38,2026/5/21 10:38,34.053755,132.424595,34,03.225,N,132,25.476,E,148.4,10,33.1,18.3,147.1,,
2026/5/21 1:39,2026/5/21 10:39,2026/5/21 10:39,2026/5/21 10:39,34.05141,132.426512,34,03.085,N,132,25.591,E,145.9,10.4,34.9,18.5,147.4,247.8,2.8
2026/5/21 1:40,2026/5/21 10:40,2026/5/21 10:40,2026/5/21 10:40,34.048988,132.428482,34,02.939,N,132,25.709,E,145.8,10.4,37.6,17.9,146.8,243.6,3.4
2026/5/21 1:41,2026/5/21 10:41,2026/5/21 10:41,2026/5/21 10:41,34.046672,132.430422,34,02.800,N,132,25.825,E,144.9,10.1,40.6,17,147.3,,
2026/5/21 1:42,2026/5/21 10:42,2026/5/21 10:42,2026/5/21 10:42,34.04437,132.432367,34,02.662,N,132,25.942,E,144.8,10.1,42.6,16.9,146,260.9,3.1
2026/5/21 1:43,2026/5/21 10:43,2026/5/21 10:43,2026/5/21 10:43,34.042025,132.43437,34,02.522,N,132,26.062,E,144.4,10.1,42.4,17,146.3,,
2026/5/21 1:44,2026/5/21 10:44,2026/5/21 10:44,2026/5/21 10:44,34.039703,132.43634,34,02.382,N,132,26.18,E,144.7,10.2,40.4,17.1,147,,
2026/5/21 1:45,2026/5/21 10:45,2026/5/21 10:45,2026/5/21 10:45,34.037385,132.43835,34,02.243,N,132,26.301,E,144.2,10.2,38.7,17.5,146.5,,
2026/5/21 1:46,2026/5/21 10:46,2026/5/21 10:46,2026/5/21 10:46,34.03511,132.440338,34,02.107,N,132,26.42,E,144.4,10.1,37.6,17.3,146.6,,
2026/5/21 1:47,2026/5/21 10:47,2026/5/21 10:47,2026/5/21 10:47,34.032865,132.442263,34,01.972,N,132,26.536,E,144.4,10,37,17,146.8,,
2026/5/21 1:48,2026/5/21 10:48,2026/5/21 10:48,2026/5/21 10:48,34.030568,132.444225,34,01.834,N,132,26.653,E,144.4,10.1,37,16.9,146.8,,
2026/5/21 1:49,2026/5/21 10:49,2026/5/21 10:49,2026/5/21 10:49,34.028223,132.44623,34,01.693,N,132,26.774,E,144.4,10.1,37.7,16.9,147,,
2026/5/21 1:50,2026/5/21 10:50,2026/5/21 10:50,2026/5/21 10:50,34.025887,132.448197,34,01.553,N,132,26.892,E,145.3,10.3,38.5,16.9,146.9,,
2026/5/21 1:51,2026/5/21 10:51,2026/5/21 10:51,2026/5/21 10:51,34.023522,132.45018,34,01.411,N,132,27.011,E,144.3,10.3,37.9,16.9,142,,
2026/5/21 1:52,2026/5/21 10:52,2026/5/21 10:52,2026/5/21 10:52,34.022538,132.453148,34,01.352,N,132,27.189,E,91.3,9.7,32.8,17.2,85.1,,
2026/5/21 1:53,2026/5/21 10:53,2026/5/21 10:53,2026/5/21 10:53,34.022788,132.456602,34,01.367,N,132,27.396,E,85.1,10.5,41,17.3,86.9,,
2026/5/21 1:54,2026/5/21 10:54,2026/5/21 10:54,2026/5/21 10:54,34.023097,132.460183,34,01.386,N,132,27.611,E,83.8,10.7,43.3,17.2,87.2,,
2026/5/21 1:55,2026/5/21 10:55,2026/5/21 10:55,2026/5/21 10:55,34.023405,132.463657,34,01.404,N,132,27.819,E,84.2,10.8,43,17.2,86.5,,
2026/5/21 1:56,2026/5/21 10:56,2026/5/21 10:56,2026/5/21 10:56,34.023742,132.46726,34,01.425,N,132,28.036,E,83.7,10.8,40.7,17.2,86.8,,
2026/5/21 1:57,2026/5/21 10:57,2026/5/21 10:57,2026/5/21 10:57,34.02407,132.470997,34,01.444,N,132,28.26,E,84.1,10.8,39.6,17,86.5,,
2026/5/21 1:58,2026/5/21 10:58,2026/5/21 10:58,2026/5/21 10:58,34.024393,132.474632,34,01.464,N,132,28.478,E,82.6,10.9,41.7,17.1,83.4,,
2026/5/21 1:59,2026/5/21 10:59,2026/5/21 10:59,2026/5/21 10:59,34.024837,132.478255,34,01.490,N,132,28.695,E,81.7,10.9,46.9,16.9,83.7,,
2026/5/21 2:00,2026/5/21 11:00,2026/5/21 11:00,2026/5/21 11:00,34.02526,132.48189,34,01.516,N,132,28.913,E,82.2,11,51.9,16.9,83.8,,
2026/5/21 2:01,2026/5/21 11:01,2026/5/21 11:01,2026/5/21 11:01,34.02567,132.485543,34,01.540,N,132,29.133,E,83.3,11,53.1,17.1,85.5,,
2026/5/21 2:02,2026/5/21 11:02,2026/5/21 11:02,2026/5/21 11:02,34.026058,132.489222,34,01.563,N,132,29.353,E,82.1,11.1,49.2,17.3,83.1,,
2026/5/21 2:03,2026/5/21 11:03,2026/5/21 11:03,2026/5/21 11:03,34.026465,132.492847,34,01.588,N,132,29.571,E,82.6,11.1,39.6,17.4,83.6,,
2026/5/21 2:04,2026/5/21 11:04,2026/5/21 11:04,2026/5/21 11:04,34.02677,132.496557,34,01.606,N,132,29.793,E,85.2,11.1,38.1,17.5,86.4,,
2026/5/21 2:05,2026/5/21 11:05,2026/5/21 11:05,2026/5/21 11:05,34.027013,132.500332,34,01.621,N,132,30.02,E,85.3,11.1,41.1,17.4,86.7,,
2026/5/21 2:06,2026/5/21 11:06,2026/5/21 11:06,2026/5/21 11:06,34.027277,132.504038,34,01.637,N,132,30.242,E,86,11.1,43.9,17.2,86.7,,
2026/5/21 2:07,2026/5/21 11:07,2026/5/21 11:07,2026/5/21 11:07,34.027522,132.507703,34,01.651,N,132,30.462,E,86.3,11,38.8,17.1,86.6,,
2026/5/21 2:08,2026/5/21 11:08,2026/5/21 11:08,2026/5/21 11:08,34.027748,132.511365,34,01.665,N,132,30.682,E,85.8,11,38.8,17,87,,
2026/5/21 2:09,2026/5/21 11:09,2026/5/21 11:09,2026/5/21 11:09,34.027957,132.51492,34,01.677,N,132,30.895,E,85.9,11,42.5,17,85.6,,
2026/5/21 2:10,2026/5/21 11:10,2026/5/21 11:10,2026/5/21 11:10,34.028177,132.518702,34,01.691,N,132,31.122,E,85.9,11.2,45.9,17.2,85.9,,
2026/5/21 2:11,2026/5/21 11:11,2026/5/21 11:11,2026/5/21 11:11,34.028443,132.522465,34,01.707,N,132,31.348,E,85.2,11.3,46.7,17.2,85.3,,
2026/5/21 2:12,2026/5/21 11:12,2026/5/21 11:12,2026/5/21 11:12,34.028752,132.526245,34,01.725,N,132,31.575,E,84.5,11.4,45.4,17.5,85.4,,
2026/5/21 2:13,2026/5/21 11:13,2026/5/21 11:13,2026/5/21 11:13,34.029033,132.530112,34,01.742,N,132,31.807,E,85.1,11.4,41.4,17.4,85.8,,
2026/5/21 2:14,2026/5/21 11:14,2026/5/21 11:14,2026/5/21 11:14,34.029305,132.533905,34,01.758,N,132,32.034,E,85,11.4,39.1,17.4,85.1,,
2026/5/21 2:15,2026/5/21 11:15,2026/5/21 11:15,2026/5/21 11:15,34.031058,132.536448,34,01.863,N,132,32.187,E,25.1,9.7,35.7,17.3,9.1,,
2026/5/21 2:16,2026/5/21 11:16,2026/5/21 11:16,2026/5/21 11:16,34.033738,132.53755,34,02.024,N,132,32.253,E,29.4,10.4,45.1,17.4,37.5,,
2026/5/21 2:17,2026/5/21 11:17,2026/5/21 11:17,2026/5/21 11:17,34.035557,132.540335,34,02.133,N,132,32.42,E,53.9,11.1,43,17,56.2,,
2026/5/21 2:18,2026/5/21 11:18,2026/5/21 11:18,2026/5/21 11:18,34.037137,132.543567,34,02.228,N,132,32.614,E,60.4,11.1,39.2,16.8,61.3,,
2026/5/21 2:19,2026/5/21 11:19,2026/5/21 11:19,2026/5/21 11:19,34.03868,132.5468,34,02.321,N,132,32.808,E,59.6,11.2,37.3,16.8,61.8,,
2026/5/21 2:20,2026/5/21 11:20,2026/5/21 11:20,2026/5/21 11:20,34.040297,132.550048,34,02.418,N,132,33.003,E,58.6,11.3,38.5,16.8,61.4,,
2026/5/21 2:21,2026/5/21 11:21,2026/5/21 11:21,2026/5/21 11:21,34.041905,132.553313,34,02.514,N,132,33.199,E,59.3,11,41.4,17,61.4,,
2026/5/21 2:22,2026/5/21 11:22,2026/5/21 11:22,2026/5/21 11:22,34.043447,132.55649,34,02.607,N,132,33.389,E,59.9,10.9,43.6,17.2,62,,
2026/5/21 2:23,2026/5/21 11:23,2026/5/21 11:23,2026/5/21 11:23,34.044935,132.55958,34,02.696,N,132,33.575,E,60.1,10.8,45.8,17.2,62.2,,
2026/5/21 2:24,2026/5/21 11:24,2026/5/21 11:24,2026/5/21 11:24,34.04647,132.562787,34,02.788,N,132,33.767,E,60,10.8,48.4,17.1,60.9,,
2026/5/21 2:25,2026/5/21 11:25,2026/5/21 11:25,2026/5/21 11:25,34.04799,132.565925,34,02.879,N,132,33.956,E,59.7,10.8,49.4,16.9,61.7,,
2026/5/21 2:26,2026/5/21 11:26,2026/5/21 11:26,2026/5/21 11:26,34.049502,132.569067,34,02.970,N,132,34.144,E,59.9,10.8,49.7,16.9,61.5,,
2026/5/21 2:27,2026/5/21 11:27,2026/5/21 11:27,2026/5/21 11:27,34.051,132.57222,34,03.060,N,132,34.333,E,60.1,10.8,49.9,16.9,61.9,,
2026/5/21 2:28,2026/5/21 11:28,2026/5/21 11:28,2026/5/21 11:28,34.052472,132.57537,34,03.148,N,132,34.522,E,60.3,10.8,50.4,17.1,61.6,,
2026/5/21 2:29,2026/5/21 11:29,2026/5/21 11:29,2026/5/21 11:29,34.053952,132.578513,34,03.237,N,132,34.711,E,60.2,10.7,50.9,17.1,61.2,,
2026/5/21 2:30,2026/5/21 11:30,2026/5/21 11:30,2026/5/21 11:30,34.055428,132.581625,34,03.326,N,132,34.898,E,60.8,10.7,50.1,17,60.6,,
2026/5/21 2:31,2026/5/21 11:31,2026/5/21 11:31,2026/5/21 11:31,34.056885,132.584713,34,03.413,N,132,35.083,E,61,10.5,50.3,17,61.5,,
2026/5/21 2:32,2026/5/21 11:32,2026/5/21 11:32,2026/5/21 11:32,34.058313,132.587778,34,03.499,N,132,35.267,E,60.7,10.4,51.1,17,61.3,,
2026/5/21 2:33,2026/5/21 11:33,2026/5/21 11:33,2026/5/21 11:33,34.059725,132.590833,34,03.584,N,132,35.45,E,60.6,10.4,52.2,17,61.5,,
2026/5/21 2:34,2026/5/21 11:34,2026/5/21 11:34,2026/5/21 11:34,34.061135,132.59388,34,03.668,N,132,35.633,E,60.8,10.5,52.4,16.9,61.1,,
2026/5/21 2:35,2026/5/21 11:35,2026/5/21 11:35,2026/5/21 11:35,34.062587,132.596963,34,03.755,N,132,35.818,E,60.1,10.6,52,16.9,60.2,,
2026/5/21 2:36,2026/5/21 11:36,2026/5/21 11:36,2026/5/21 11:36,34.06406,132.600047,34,03.844,N,132,36.003,E,60.1,10.6,52.4,17,61.6,,
2026/5/21 2:37,2026/5/21 11:37,2026/5/21 11:37,2026/5/21 11:37,34.065493,132.603077,34,03.930,N,132,36.185,E,61.3,10.5,54.4,17,63.8,,
2026/5/21 2:38,2026/5/21 11:38,2026/5/21 11:38,2026/5/21 11:38,34.06691,132.606227,34,04.015,N,132,36.374,E,61.8,10.5,54.5,17.1,62.6,,
2026/5/21 2:39,2026/5/21 11:39,2026/5/21 11:39,2026/5/21 11:39,34.068297,132.609355,34,04.098,N,132,36.561,E,62.2,10.5,53.9,17.2,63.4,,
2026/5/21 2:40,2026/5/21 11:40,2026/5/21 11:40,2026/5/21 11:40,34.069673,132.612472,34,04.180,N,132,36.748,E,62.3,10.6,51.6,17.3,63.1,,
2026/5/21 2:41,2026/5/21 11:41,2026/5/21 11:41,2026/5/21 11:41,34.07105,132.615605,34,04.263,N,132,36.936,E,61.9,10.6,47.5,17.2,63.1,,
2026/5/21 2:42,2026/5/21 11:42,2026/5/21 11:42,2026/5/21 11:42,34.072427,132.618768,34,04.346,N,132,37.126,E,62.4,10.6,44.4,17.2,63.3,,
2026/5/21 2:43,2026/5/21 11:43,2026/5/21 11:43,2026/5/21 11:43,34.073795,132.621952,34,04.428,N,132,37.317,E,62.7,10.6,42.1,17.1,63.3,,
2026/5/21 2:44,2026/5/21 11:44,2026/5/21 11:44,2026/5/21 11:44,34.07515,132.625162,34,04.509,N,132,37.51,E,63.1,10.7,40.4,17.1,63.3,,
2026/5/21 2:45,2026/5/21 11:45,2026/5/21 11:45,2026/5/21 11:45,34.076478,132.62831,34,04.589,N,132,37.699,E,62.9,10.7,39.6,17.2,62.8,,
2026/5/21 2:46,2026/5/21 11:46,2026/5/21 11:46,2026/5/21 11:46,34.077857,132.63156,34,04.671,N,132,37.894,E,63,10.7,39.4,17.2,63.2,,
2026/5/21 2:47,2026/5/21 11:47,2026/5/21 11:47,2026/5/21 11:47,34.07919,132.634773,34,04.751,N,132,38.086,E,63.5,10.7,39.2,17.2,63,,
2026/5/21 2:48,2026/5/21 11:48,2026/5/21 11:48,2026/5/21 11:48,34.080518,132.638028,34,04.831,N,132,38.282,E,63.5,10.8,39.2,17.3,62.7,,
2026/5/21 2:49,2026/5/21 11:49,2026/5/21 11:49,2026/5/21 11:49,34.08186,132.64126,34,04.912,N,132,38.476,E,63.5,10.8,39.2,17.4,63.3,,
2026/5/21 2:50,2026/5/21 11:50,2026/5/21 11:50,2026/5/21 11:50,34.083208,132.644508,34,04.992,N,132,38.67,E,64,10.9,39.1,17.4,62.8,,
2026/5/21 2:51,2026/5/21 11:51,2026/5/21 11:51,2026/5/21 11:51,34.084567,132.647808,34,05.074,N,132,38.868,E,63.5,10.9,39.2,17.4,62.9,,
2026/5/21 2:52,2026/5/21 11:52,2026/5/21 11:52,2026/5/21 11:52,34.085923,132.651108,34,05.155,N,132,39.066,E,63.7,11,38.1,17.5,63,,
2026/5/21 2:53,2026/5/21 11:53,2026/5/21 11:53,2026/5/21 11:53,34.087318,132.654443,34,05.239,N,132,39.267,E,63.3,11.1,37.2,17.4,62.9,,
2026/5/21 2:54,2026/5/21 11:54,2026/5/21 11:54,2026/5/21 11:54,34.088733,132.657775,34,05.324,N,132,39.466,E,62.2,11.1,36.4,16.9,63.1,,
2026/5/21 2:55,2026/5/21 11:55,2026/5/21 11:55,2026/5/21 11:55,34.090155,132.661027,34,05.409,N,132,39.662,E,62,11.1,35.7,16.7,63,,
2026/5/21 2:56,2026/5/21 11:56,2026/5/21 11:56,2026/5/21 11:56,34.09161,132.66432,34,05.497,N,132,39.859,E,62.2,11.1,35.3,16.9,63.2,,
2026/5/21 2:57,2026/5/21 11:57,2026/5/21 11:57,2026/5/21 11:57,34.093042,132.667618,34,05.583,N,132,40.057,E,62.4,11.1,35.3,17,63.7,,
2026/5/21 2:58,2026/5/21 11:58,2026/5/21 11:58,2026/5/21 11:58,34.094478,132.670938,34,05.669,N,132,40.256,E,62.3,11.1,35.3,17,63,,
2026/5/21 2:59,2026/5/21 11:59,2026/5/21 11:59,2026/5/21 11:59,34.095915,132.674268,34,05.755,N,132,40.456,E,62.6,11.1,35.4,17.2,63.3,,
2026/5/21 3:00,2026/5/21 12:00,2026/5/21 12:00,2026/5/21 12:00,34.097377,132.67764,34,05.843,N,132,40.658,E,62.7,11.1,35.5,17.2,63.6,,
2026/5/21 3:01,2026/5/21 12:01,2026/5/21 12:01,2026/5/21 12:01,34.098795,132.680972,34,05.928,N,132,40.858,E,62.7,11.1,35.8,17.4,63.2,,
2026/5/21 3:02,2026/5/21 12:02,2026/5/21 12:02,2026/5/21 12:02,34.099943,132.684415,34,05.997,N,132,41.065,E,68.5,11.1,36.4,17.6,69.9,,
2026/5/21 3:03,2026/5/21 12:03,2026/5/21 12:03,2026/5/21 12:03,34.101063,132.687897,34,06.064,N,132,41.274,E,68.8,11.1,36.8,17.3,70.5,,
2026/5/21 3:04,2026/5/21 12:04,2026/5/21 12:04,2026/5/21 12:04,34.10217,132.691395,34,06.130,N,132,41.484,E,69.1,11.1,37.2,17.2,70,,
2026/5/21 3:05,2026/5/21 12:05,2026/5/21 12:05,2026/5/21 12:05,34.10327,132.694883,34,06.196,N,132,41.693,E,69.1,11.1,37.6,17.1,70.4,,
2026/5/21 3:06,2026/5/21 12:06,2026/5/21 12:06,2026/5/21 12:06,34.10435,132.698308,34,06.261,N,132,41.898,E,69.2,11.1,38.1,17.2,70.4,,
2026/5/21 3:07,2026/5/21 12:07,2026/5/21 12:07,2026/5/21 12:07,34.105458,132.70185,34,06.327,N,132,42.111,E,69.2,11.1,38.7,17.1,69.7,,
2026/5/21 3:08,2026/5/21 12:08,2026/5/21 12:08,2026/5/21 12:08,34.106568,132.705337,34,06.394,N,132,42.32,E,68.9,11.1,39.2,17.1,70.2,,
2026/5/21 3:09,2026/5/21 12:09,2026/5/21 12:09,2026/5/21 12:09,34.10767,132.708825,34,06.460,N,132,42.529,E,69.1,11.1,39.5,17.1,70.1,,
2026/5/21 3:10,2026/5/21 12:10,2026/5/21 12:10,2026/5/21 12:10,34.108772,132.712322,34,06.526,N,132,42.739,E,69.4,11.2,39.9,17.1,69.8,,
2026/5/21 3:11,2026/5/21 12:11,2026/5/21 12:11,2026/5/21 12:11,34.109883,132.715827,34,06.593,N,132,42.95,E,69.1,11.2,40.4,16.9,69.7,,
2026/5/21 3:12,2026/5/21 12:12,2026/5/21 12:12,2026/5/21 12:12,34.111022,132.719358,34,06.661,N,132,43.161,E,68.9,11.2,41,16.8,69.5,,
2026/5/21 3:13,2026/5/21 12:13,2026/5/21 12:13,2026/5/21 12:13,34.112128,132.722807,34,06.728,N,132,43.368,E,69,11.2,41.8,16.7,69.7,,
2026/5/21 3:14,2026/5/21 12:14,2026/5/21 12:14,2026/5/21 12:14,34.113257,132.726333,34,06.795,N,132,43.58,E,69.2,11.2,42.5,16.6,70.3,,
2026/5/21 3:15,2026/5/21 12:15,2026/5/21 12:15,2026/5/21 12:15,34.114405,132.729928,34,06.864,N,132,43.796,E,69.3,11.3,43,16.6,70.3,,
2026/5/21 3:16,2026/5/21 12:16,2026/5/21 12:16,2026/5/21 12:16,34.11552,132.733468,34,06.931,N,132,44.008,E,68.9,11.2,43.4,16.7,69.9,,
2026/5/21 3:17,2026/5/21 12:17,2026/5/21 12:17,2026/5/21 12:17,34.11665,132.736967,34,06.999,N,132,44.218,E,68.6,11.2,45.8,16.7,70.3,,
2026/5/21 3:18,2026/5/21 12:18,2026/5/21 12:18,2026/5/21 12:18,34.117783,132.740437,34,07.067,N,132,44.426,E,68.5,11.1,47.5,16.6,70.1,,
2026/5/21 3:19,2026/5/21 12:19,2026/5/21 12:19,2026/5/21 12:19,34.11892,132.743897,34,07.135,N,132,44.634,E,68.5,11.1,50.4,16.6,69.9,,
2026/5/21 3:20,2026/5/21 12:20,2026/5/21 12:20,2026/5/21 12:20,34.120047,132.74739,34,07.203,N,132,44.843,E,68.8,11.1,53.3,16.5,69.9,,
2026/5/21 3:21,2026/5/21 12:21,2026/5/21 12:21,2026/5/21 12:21,34.121158,132.750895,34,07.269,N,132,45.054,E,68.9,11.1,55.9,16.5,69.9,,
2026/5/21 3:22,2026/5/21 12:22,2026/5/21 12:22,2026/5/21 12:22,34.122258,132.754323,34,07.335,N,132,45.259,E,69,11.1,58.9,16.5,70.3,,
2026/5/21 3:23,2026/5/21 12:23,2026/5/21 12:23,2026/5/21 12:23,34.12337,132.757807,34,07.402,N,132,45.468,E,69,11.2,57.8,16.5,70.1,,
2026/5/21 3:24,2026/5/21 12:24,2026/5/21 12:24,2026/5/21 12:24,34.124495,132.761388,34,07.470,N,132,45.683,E,69.1,11.2,56.3,16.6,70.2,,
2026/5/21 3:25,2026/5/21 12:25,2026/5/21 12:25,2026/5/21 12:25,34.125602,132.764943,34,07.536,N,132,45.897,E,69.2,11.3,60.5,16.5,69.6,,
2026/5/21 3:26,2026/5/21 12:26,2026/5/21 12:26,2026/5/21 12:26,34.126718,132.768528,34,07.603,N,132,46.112,E,69.6,11.4,57.9,16.6,69.8,,
2026/5/21 3:27,2026/5/21 12:27,2026/5/21 12:27,2026/5/21 12:27,34.127825,132.772108,34,07.670,N,132,46.326,E,69.9,11.4,59.3,16.6,70.5,,
2026/5/21 3:28,2026/5/21 12:28,2026/5/21 12:28,2026/5/21 12:28,34.128905,132.775705,34,07.734,N,132,46.542,E,70.1,11.3,57.1,16.6,70,,
2026/5/21 3:29,2026/5/21 12:29,2026/5/21 12:29,2026/5/21 12:29,34.129997,132.779297,34,07.800,N,132,46.758,E,70,11.3,61,16.5,70.3,,
2026/5/21 3:30,2026/5/21 12:30,2026/5/21 12:30,2026/5/21 12:30,34.131093,132.78287,34,07.866,N,132,46.972,E,69.8,11.3,61.9,16.5,69.7,,
2026/5/21 3:31,2026/5/21 12:31,2026/5/21 12:31,2026/5/21 12:31,34.132162,132.78644,34,07.930,N,132,47.186,E,70.4,11.3,62.9,16.7,70.4,,
2026/5/21 3:32,2026/5/21 12:32,2026/5/21 12:32,2026/5/21 12:32,34.133172,132.790018,34,07.990,N,132,47.401,E,71.1,11.2,65.1,16.6,69.5,,
2026/5/21 3:33,2026/5/21 12:33,2026/5/21 12:33,2026/5/21 12:33,34.134168,132.793598,34,08.050,N,132,47.616,E,71.3,11.3,66.2,16.6,69.5,,
2026/5/21 3:34,2026/5/21 12:34,2026/5/21 12:34,2026/5/21 12:34,34.135157,132.797195,34,08.109,N,132,47.832,E,71.6,11.3,64.6,16.6,70.4,,
2026/5/21 3:35,2026/5/21 12:35,2026/5/21 12:35,2026/5/21 12:35,34.136143,132.800762,34,08.169,N,132,48.046,E,71.5,11.4,61,16.6,69.5,,
2026/5/21 3:36,2026/5/21 12:36,2026/5/21 12:36,2026/5/21 12:36,34.137152,132.804397,34,08.229,N,132,48.264,E,72,11.4,68.3,16.6,70.2,,
2026/5/21 3:37,2026/5/21 12:37,2026/5/21 12:37,2026/5/21 12:37,34.138138,132.80813,34,08.288,N,132,48.488,E,72,11.4,58.9,16.6,70.1,,
2026/5/21 3:38,2026/5/21 12:38,2026/5/21 12:38,2026/5/21 12:38,34.13914,132.811728,34,08.348,N,132,48.704,E,71.4,11.5,71.4,16.6,69.3,,
2026/5/21 3:39,2026/5/21 12:39,2026/5/21 12:39,2026/5/21 12:39,34.140202,132.815407,34,08.412,N,132,48.924,E,71.3,11.5,69.5,16.6,69.9,,
2026/5/21 3:40,2026/5/21 12:40,2026/5/21 12:40,2026/5/21 12:40,34.141193,132.819095,34,08.472,N,132,49.146,E,71.9,11.5,66.5,16.6,70.2,,
2026/5/21 3:41,2026/5/21 12:41,2026/5/21 12:41,2026/5/21 12:41,34.142193,132.822777,34,08.532,N,132,49.367,E,71.9,11.5,69.1,16.6,70.1,,
2026/5/21 3:42,2026/5/21 12:42,2026/5/21 12:42,2026/5/21 12:42,34.143072,132.826463,34,08.584,N,132,49.588,E,74.2,11.4,69.9,16.6,72.2,,
2026/5/21 3:43,2026/5/21 12:43,2026/5/21 12:43,2026/5/21 12:43,34.143922,132.83018,34,08.635,N,132,49.811,E,74.5,11.5,63.2,16.6,73.2,,
2026/5/21 3:44,2026/5/21 12:44,2026/5/21 12:44,2026/5/21 12:44,34.144835,132.833907,34,08.690,N,132,50.034,E,72.8,11.6,66.4,16.6,71.4,,
2026/5/21 3:45,2026/5/21 12:45,2026/5/21 12:45,2026/5/21 12:45,34.145902,132.837597,34,08.754,N,132,50.256,E,70.9,11.7,64.6,16.5,72.9,60.6,2.5
2026/5/21 3:46,2026/5/21 12:46,2026/5/21 12:46,2026/5/21 12:46,34.146995,132.84124,34,08.820,N,132,50.474,E,70.4,11.7,62,16.6,72.7,,
2026/5/21 3:47,2026/5/21 12:47,2026/5/21 12:47,2026/5/21 12:47,34.148078,132.845018,34,08.885,N,132,50.701,E,71,11.7,60.8,16.7,73.3,,
2026/5/21 3:48,2026/5/21 12:48,2026/5/21 12:48,2026/5/21 12:48,34.149138,132.848725,34,08.948,N,132,50.924,E,70.5,11.6,62.4,16.8,72.4,,
2026/5/21 3:49,2026/5/21 12:49,2026/5/21 12:49,2026/5/21 12:49,34.150217,132.852385,34,09.013,N,132,51.143,E,70.4,11.5,63.6,16.8,72.9,,
2026/5/21 3:50,2026/5/21 12:50,2026/5/21 12:50,2026/5/21 12:50,34.151277,132.856028,34,09.077,N,132,51.362,E,70.5,11.5,64.6,16.8,73,,
2026/5/21 3:51,2026/5/21 12:51,2026/5/21 12:51,2026/5/21 12:51,34.152347,132.859697,34,09.141,N,132,51.582,E,70.5,11.5,68.8,16.8,73.4,,
2026/5/21 3:52,2026/5/21 12:52,2026/5/21 12:52,2026/5/21 12:52,34.153405,132.863293,34,09.204,N,132,51.798,E,70.5,11.5,78.4,16.8,73.2,,
2026/5/21 3:53,2026/5/21 12:53,2026/5/21 12:53,2026/5/21 12:53,34.15449,132.866918,34,09.269,N,132,52.015,E,70,11.5,81.9,16.8,73.2,,
2026/5/21 3:54,2026/5/21 12:54,2026/5/21 12:54,2026/5/21 12:54,34.155608,132.870608,34,09.336,N,132,52.236,E,69.8,11.5,83.7,16.8,73,,
2026/5/21 3:55,2026/5/21 12:55,2026/5/21 12:55,2026/5/21 12:55,34.156688,132.874193,34,09.401,N,132,52.452,E,70.1,11.4,85.9,16.8,72.7,,
2026/5/21 3:56,2026/5/21 12:56,2026/5/21 12:56,2026/5/21 12:56,34.157752,132.877748,34,09.465,N,132,52.665,E,70.1,11.2,84.8,16.9,72.8,,
2026/5/21 3:57,2026/5/21 12:57,2026/5/21 12:57,2026/5/21 12:57,34.15855,132.881352,34,09.513,N,132,52.881,E,78.1,11.1,83.3,16.9,85.1,,
2026/5/21 3:58,2026/5/21 12:58,2026/5/21 12:58,2026/5/21 12:58,34.159007,132.885052,34,09.540,N,132,53.103,E,81.9,11.2,93.4,16.9,84.3,,
2026/5/21 3:59,2026/5/21 12:59,2026/5/21 12:59,2026/5/21 12:59,34.159447,132.888812,34,09.567,N,132,53.329,E,81.7,11.3,97.3,16.9,85.1,,
2026/5/21 4:00,2026/5/21 13:00,2026/5/21 13:00,2026/5/21 13:00,34.159903,132.892503,34,09.594,N,132,53.55,E,81.1,11.3,94.4,17,82,,
2026/5/21 4:01,2026/5/21 13:01,2026/5/21 13:01,2026/5/21 13:01,34.1605,132.896195,34,09.630,N,132,53.772,E,79.4,11.2,85.4,17,82.1,,
2026/5/21 4:02,2026/5/21 13:02,2026/5/21 13:02,2026/5/21 13:02,34.16107,132.89991,34,09.664,N,132,53.995,E,79.3,11.2,71.1,16.9,82.9,,
2026/5/21 4:03,2026/5/21 13:03,2026/5/21 13:03,2026/5/21 13:03,34.161637,132.903698,34,09.698,N,132,54.222,E,79.8,11.3,68.1,17,82.8,,
2026/5/21 4:04,2026/5/21 13:04,2026/5/21 13:04,2026/5/21 13:04,34.162198,132.907468,34,09.732,N,132,54.448,E,80,11.4,70.3,16.9,82.8,,
2026/5/21 4:05,2026/5/21 13:05,2026/5/21 13:05,2026/5/21 13:05,34.162742,132.91125,34,09.765,N,132,54.675,E,80.1,11.4,68.4,16.9,81.9,,
2026/5/21 4:06,2026/5/21 13:06,2026/5/21 13:06,2026/5/21 13:06,34.163258,132.915038,34,09.795,N,132,54.902,E,80.9,11.4,64.4,16.9,82.6,,
2026/5/21 4:07,2026/5/21 13:07,2026/5/21 13:07,2026/5/21 13:07,34.163758,132.91884,34,09.825,N,132,55.13,E,81.1,11.5,60.6,16.9,82.6,,
2026/5/21 4:08,2026/5/21 13:08,2026/5/21 13:08,2026/5/21 13:08,34.164238,132.922665,34,09.854,N,132,55.36,E,81.6,11.5,57.8,16.9,82.4,,
2026/5/21 4:09,2026/5/21 13:09,2026/5/21 13:09,2026/5/21 13:09,34.164697,132.926433,34,09.882,N,132,55.586,E,81.9,11.6,58.6,16.9,81.6,,
2026/5/21 4:10,2026/5/21 13:10,2026/5/21 13:10,2026/5/21 13:10,34.165162,132.9303,34,09.910,N,132,55.818,E,81.8,11.6,66.1,16.9,81.7,,
2026/5/21 4:11,2026/5/21 13:11,2026/5/21 13:11,2026/5/21 13:11,34.165583,132.93416,34,09.935,N,132,56.05,E,83.3,11.5,61.2,16.9,82.4,,
2026/5/21 4:12,2026/5/21 13:12,2026/5/21 13:12,2026/5/21 13:12,34.165942,132.938077,34,09.957,N,132,56.285,E,83.3,11.5,66.9,16.8,81.7,,
2026/5/21 4:13,2026/5/21 13:13,2026/5/21 13:13,2026/5/21 13:13,34.166313,132.941913,34,09.979,N,132,56.515,E,83.3,11.5,71.7,16.8,81.9,,
2026/5/21 4:14,2026/5/21 13:14,2026/5/21 13:14,2026/5/21 13:14,34.165818,132.94552,34,09.949,N,132,56.731,E,114.8,10.8,73.3,16.8,122.4,,
2026/5/21 4:15,2026/5/21 13:15,2026/5/21 13:15,2026/5/21 13:15,34.164165,132.948693,34,09.850,N,132,56.922,E,123.3,11.2,85,16.8,124.5,117.6,1.1
2026/5/21 4:16,2026/5/21 13:16,2026/5/21 13:16,2026/5/21 13:16,34.162448,132.95193,34,09.747,N,132,57.116,E,122.7,11.4,90.8,16.8,123.8,106.8,1.2
2026/5/21 4:17,2026/5/21 13:17,2026/5/21 13:17,2026/5/21 13:17,34.160728,132.955115,34,09.644,N,132,57.307,E,123.2,11.5,92,16.8,123.5,,
2026/5/21 4:18,2026/5/21 13:18,2026/5/21 13:18,2026/5/21 13:18,34.158942,132.958387,34,09.537,N,132,57.503,E,123.2,11.4,86.4,16.8,124.1,,
2026/5/21 4:19,2026/5/21 13:19,2026/5/21 13:19,2026/5/21 13:19,34.157192,132.961588,34,09.432,N,132,57.695,E,123.2,11.5,69.6,16.8,123.8,,
2026/5/21 4:20,2026/5/21 13:20,2026/5/21 13:20,2026/5/21 13:20,34.155395,132.964763,34,09.324,N,132,57.886,E,124.3,11.6,70,16.8,123.5,,
2026/5/21 4:21,2026/5/21 13:21,2026/5/21 13:21,2026/5/21 13:21,34.15356,132.967977,34,09.214,N,132,58.079,E,124.7,11.6,62.8,16.8,123.4,,
2026/5/21 4:22,2026/5/21 13:22,2026/5/21 13:22,2026/5/21 13:22,34.151673,132.971173,34,09.100,N,132,58.27,E,125.1,11.6,71.1,16.8,123.8,,
2026/5/21 4:23,2026/5/21 13:23,2026/5/21 13:23,2026/5/21 13:23,34.149762,132.974338,34,08.986,N,132,58.46,E,125.9,11.6,70.3,16.8,124,,
2026/5/21 4:24,2026/5/21 13:24,2026/5/21 13:24,2026/5/21 13:24,34.147895,132.977438,34,08.874,N,132,58.646,E,125.6,11.6,77.3,16.8,123.6,137.3,2.9
2026/5/21 4:25,2026/5/21 13:25,2026/5/21 13:25,2026/5/21 13:25,34.146012,132.98055,34,08.761,N,132,58.833,E,126.1,11.6,82.9,16.8,123.8,,
2026/5/21 4:26,2026/5/21 13:26,2026/5/21 13:26,2026/5/21 13:26,34.144077,132.983713,34,08.645,N,132,59.023,E,126.4,11.7,86.4,16.8,123.3,,
2026/5/21 4:27,2026/5/21 13:27,2026/5/21 13:27,2026/5/21 13:27,34.142108,132.986927,34,08.526,N,132,59.216,E,126.1,11.9,94.7,16.9,123.7,,
2026/5/21 4:28,2026/5/21 13:28,2026/5/21 13:28,2026/5/21 13:28,34.140073,132.99023,34,08.404,N,132,59.414,E,126.6,12.1,107.9,16.9,123.6,,
2026/5/21 4:29,2026/5/21 13:29,2026/5/21 13:29,2026/5/21 13:29,34.138065,132.993463,34,08.284,N,132,59.608,E,127,12,78.8,16.9,124.5,,
2026/5/21 4:30,2026/5/21 13:30,2026/5/21 13:30,2026/5/21 13:30,34.13597,132.996515,34,08.158,N,132,59.791,E,136.1,11.6,107.1,16.9,141.7,,
2026/5/21 4:31,2026/5/21 13:31,2026/5/21 13:31,2026/5/21 13:31,34.133318,132.998773,34,07.999,N,132,59.926,E,148,11.4,3.4,16.9,157.4,,
2026/5/21 4:32,2026/5/21 13:32,2026/5/21 13:32,2026/5/21 13:32,34.13031,132.9994,34,07.819,N,132,59.964,E,174.8,11.2,95.4,16.9,180.4,136.9,2
2026/5/21 4:33,2026/5/21 13:33,2026/5/21 13:33,2026/5/21 13:33,34.127132,132.999505,34,07.628,N,132,59.97,E,179.6,11.5,58.7,16.9,183.5,,
2026/5/21 4:34,2026/5/21 13:34,2026/5/21 13:34,2026/5/21 13:34,34.123867,132.999435,34,07.432,N,132,59.966,E,182.2,11.8,87.9,16.8,185.2,,
2026/5/21 4:35,2026/5/21 13:35,2026/5/21 13:35,2026/5/21 13:35,34.120822,132.995957,34,07.249,N,132,59.757,E,185,11.9,93.8,16.8,185,162.6,1.8
2026/5/21 4:36,2026/5/21 13:36,2026/5/21 13:36,2026/5/21 13:36,34.117165,132.998923,34,07.030,N,132,59.935,E,182.1,12.2,98,16.8,178.6,196.1,2.4
2026/5/21 4:37,2026/5/21 13:37,2026/5/21 13:37,2026/5/21 13:37,34.113788,132.999117,34,06.827,N,132,59.947,E,173.1,12.5,79.4,16.8,169.8,185.8,2.6
2026/5/21 4:38,2026/5/21 13:38,2026/5/21 13:38,2026/5/21 13:38,34.11031,132.999718,34,06.619,N,132,59.983,E,172,12.6,86.5,16.9,169.6,189.3,2.4
2026/5/21 4:39,2026/5/21 13:39,2026/5/21 13:39,2026/5/21 13:39,34.106933,133.000782,34,06.416,N,133,00.047,E,161.1,12.1,101.9,16.9,159.6,,
2026/5/21 4:40,2026/5/21 13:40,2026/5/21 13:40,2026/5/21 13:40,34.10378,133.002188,34,06.227,N,133,00.131,E,159,12,95.3,16.9,159.2,160.5,2.3
2026/5/21 4:41,2026/5/21 13:41,2026/5/21 13:41,2026/5/21 13:41,34.100808,133.003582,34,06.048,N,133,00.215,E,160.5,11,101.8,16.9,160.5,,
2026/5/21 4:42,2026/5/21 13:42,2026/5/21 13:42,2026/5/21 13:42,34.097877,133.004673,34,05.873,N,133,00.280,E,163.5,11.2,101.8,16.9,159.9,197.7,1.4
2026/5/21 4:43,2026/5/21 13:43,2026/5/21 13:43,2026/5/21 13:43,34.094947,133.006128,34,05.697,N,133,00.368,E,147.9,11.2,106.7,16.9,132.8,204,1.3
2026/5/21 4:44,2026/5/21 13:44,2026/5/21 13:44,2026/5/21 13:44,34.092953,133.008898,34,05.577,N,133,00.534,E,129.1,11.1,102.2,16.9,130.3,,
2026/5/21 4:45,2026/5/21 13:45,2026/5/21 13:45,2026/5/21 13:45,34.09098,133.011822,34,05.459,N,133,00.709,E,128.5,11.1,85,16.8,130.1,,
2026/5/21 4:46,2026/5/21 13:46,2026/5/21 13:46,2026/5/21 13:46,34.08899,133.014672,34,05.339,N,133,00.880,E,129.7,11.3,62.4,16.9,130.3,,
2026/5/21 4:47,2026/5/21 13:47,2026/5/21 13:47,2026/5/21 13:47,34.086937,133.017622,34,05.216,N,133,01.057,E,129.9,11.5,52,16.9,131.1,,
2026/5/21 4:48,2026/5/21 13:48,2026/5/21 13:48,2026/5/21 13:48,34.085035,133.020665,34,05.102,N,133,01.240,E,120.4,11.6,39.5,16.9,110.2,,
2026/5/21 4:49,2026/5/21 13:49,2026/5/21 13:49,2026/5/21 13:49,34.084943,133.024402,34,05.097,N,133,01.464,E,86.1,11.3,38.7,16.9,83.1,,
2026/5/21 4:50,2026/5/21 13:50,2026/5/21 13:50,2026/5/21 13:50,34.085213,133.02825,34,05.113,N,133,01.695,E,85.2,11.6,38.8,16.9,82.9,,
2026/5/21 4:51,2026/5/21 13:51,2026/5/21 13:51,2026/5/21 13:51,34.085458,133.032117,34,05.127,N,133,01.927,E,85.8,11.5,39.8,16.9,83.5,,
2026/5/21 4:52,2026/5/21 13:52,2026/5/21 13:52,2026/5/21 13:52,34.08569,133.036005,34,05.141,N,133,02.160,E,86.5,11.4,48.5,16.9,84.2,,
2026/5/21 4:53,2026/5/21 13:53,2026/5/21 13:53,2026/5/21 13:53,34.085892,133.039772,34,05.154,N,133,02.386,E,85.6,11.5,54.9,16.9,82.7,,
2026/5/21 4:54,2026/5/21 13:54,2026/5/21 13:54,2026/5/21 13:54,34.085975,133.043727,34,05.158,N,133,02.624,E,90.1,11.6,53.9,16.9,89.7,,
2026/5/21 4:55,2026/5/21 13:55,2026/5/21 13:55,2026/5/21 13:55,34.085958,133.047598,34,05.157,N,133,02.856,E,90.4,11.6,54.6,16.9,90.1,,
2026/5/21 4:56,2026/5/21 13:56,2026/5/21 13:56,2026/5/21 13:56,34.086723,133.051212,34,05.203,N,133,03.073,E,61.8,10.9,55.9,16.9,55.1,,
2026/5/21 4:57,2026/5/21 13:57,2026/5/21 13:57,2026/5/21 13:57,34.088428,133.054233,34,05.306,N,133,03.254,E,55.8,11,57.9,16.9,55.8,,
2026/5/21 4:58,2026/5/21 13:58,2026/5/21 13:58,2026/5/21 13:58,34.090197,133.057275,34,05.412,N,133,03.437,E,54.6,11,61.4,16.9,55,,
2026/5/21 4:59,2026/5/21 13:59,2026/5/21 13:59,2026/5/21 13:59,34.091973,133.060265,34,05.518,N,133,03.616,E,54.6,10.9,58.9,16.9,55.9,,
2026/5/21 5:00,2026/5/21 14:00,2026/5/21 14:00,2026/5/21 14:00,34.093735,133.063257,34,05.624,N,133,03.795,E,54.7,10.9,54.6,16.9,54.7,27.9,0.9
2026/5/21 5:01,2026/5/21 14:01,2026/5/21 14:01,2026/5/21 14:01,34.095493,133.066252,34,05.730,N,133,03.975,E,54.4,10.9,49.7,16.9,55,15.9,1.3
2026/5/21 5:02,2026/5/21 14:02,2026/5/21 14:02,2026/5/21 14:02,34.097292,133.06925,34,05.838,N,133,04.155,E,53.9,11,44.8,16.9,55.5,,
2026/5/21 5:03,2026/5/21 14:03,2026/5/21 14:03,2026/5/21 14:03,34.09913,133.072272,34,05.948,N,133,04.336,E,53.9,11.1,40.6,16.9,55.3,,
2026/5/21 5:04,2026/5/21 14:04,2026/5/21 14:04,2026/5/21 14:04,34.100917,133.075268,34,06.055,N,133,04.516,E,54.4,11,37.2,16.9,56.8,,
2026/5/21 5:05,2026/5/21 14:05,2026/5/21 14:05,2026/5/21 14:05,34.102677,133.078315,34,06.161,N,133,04.699,E,55.6,11,34.4,16.9,57,,
2026/5/21 5:06,2026/5/21 14:06,2026/5/21 14:06,2026/5/21 14:06,34.104388,133.081287,34,06.263,N,133,04.877,E,55.1,10.9,32.1,16.9,56.2,,
2026/5/21 5:07,2026/5/21 14:07,2026/5/21 14:07,2026/5/21 14:07,34.106122,133.084283,34,06.367,N,133,05.057,E,54.9,10.8,30.1,16.9,57,,
2026/5/21 5:08,2026/5/21 14:08,2026/5/21 14:08,2026/5/21 14:08,34.10787,133.087322,34,06.472,N,133,05.239,E,54.8,10.8,38.8,17.2,56.1,,
2026/5/21 5:09,2026/5/21 14:09,2026/5/21 14:09,2026/5/21 14:09,34.109587,133.090223,34,06.575,N,133,05.413,E,54.6,10.6,37.4,17.6,56.3,,
2026/5/21 5:10,2026/5/21 14:10,2026/5/21 14:10,2026/5/21 14:10,34.111273,133.093127,34,06.676,N,133,05.588,E,55.3,10.5,35.9,17.7,57.6,,
2026/5/21 5:11,2026/5/21 14:11,2026/5/21 14:11,2026/5/21 14:11,34.112945,133.096055,34,06.777,N,133,05.763,E,56,10.5,34.9,17.7,56.6,,
2026/5/21 5:12,2026/5/21 14:12,2026/5/21 14:12,2026/5/21 14:12,34.114585,133.098983,34,06.875,N,133,05.939,E,55.9,10.6,32.4,17.6,56.8,,
2026/5/21 5:13,2026/5/21 14:13,2026/5/21 14:13,2026/5/21 14:13,34.116257,133.101908,34,06.975,N,133,06.114,E,54.6,10.6,33.5,17.6,55.4,,
2026/5/21 5:14,2026/5/21 14:14,2026/5/21 14:14,2026/5/21 14:14,34.117995,133.104812,34,07.080,N,133,06.289,E,54.7,10.6,32.4,17.5,55.4,,
2026/5/21 5:15,2026/5/21 14:15,2026/5/21 14:15,2026/5/21 14:15,34.119703,133.10774,34,07.182,N,133,06.464,E,54.8,10.6,30.9,17.4,56.1,,
2026/5/21 5:16,2026/5/21 14:16,2026/5/21 14:16,2026/5/21 14:16,34.121367,133.1106,34,07.282,N,133,06.636,E,55.1,10.6,29.5,17.4,56.2,,
2026/5/21 5:17,2026/5/21 14:17,2026/5/21 14:17,2026/5/21 14:17,34.12308,133.113568,34,07.385,N,133,06.814,E,55.4,10.6,28.7,17.5,56,,
2026/5/21 5:18,2026/5/21 14:18,2026/5/21 14:18,2026/5/21 14:18,34.124788,133.116488,34,07.487,N,133,06.989,E,54.8,10.6,27.8,17.7,55.4,,
2026/5/21 5:19,2026/5/21 14:19,2026/5/21 14:19,2026/5/21 14:19,34.126503,133.119408,34,07.590,N,133,07.164,E,54.9,10.7,27.2,18.2,55.6,,
2026/5/21 5:20,2026/5/21 14:20,2026/5/21 14:20,2026/5/21 14:20,34.128227,133.12232,34,07.694,N,133,07.339,E,54.6,10.6,26.7,18.3,55.3,,
2026/5/21 5:21,2026/5/21 14:21,2026/5/21 14:21,2026/5/21 14:21,34.12995,133.12525,34,07.797,N,133,07.515,E,54.9,10.7,26.1,18.2,55.3,,
2026/5/21 5:22,2026/5/21 14:22,2026/5/21 14:22,2026/5/21 14:22,34.131697,133.128205,34,07.902,N,133,07.692,E,54.9,10.7,25.7,18.2,56,,
2026/5/21 5:23,2026/5/21 14:23,2026/5/21 14:23,2026/5/21 14:23,34.133423,133.131163,34,08.005,N,133,07.870,E,55.2,10.8,25.4,18.3,56.1,109.1,1.7
2026/5/21 5:24,2026/5/21 14:24,2026/5/21 14:24,2026/5/21 14:24,34.135122,133.134057,34,08.107,N,133,08.043,E,55.1,10.7,25.3,18.8,56.1,,
2026/5/21 5:25,2026/5/21 14:25,2026/5/21 14:25,2026/5/21 14:25,34.136833,133.136997,34,08.210,N,133,08.220,E,54.8,10.7,25.2,19.3,56.2,,
2026/5/21 5:26,2026/5/21 14:26,2026/5/21 14:26,2026/5/21 14:26,34.138572,133.139955,34,08.314,N,133,08.397,E,54.6,10.7,24.9,18.9,56,,
2026/5/21 5:27,2026/5/21 14:27,2026/5/21 14:27,2026/5/21 14:27,34.140317,133.1429,34,08.419,N,133,08.574,E,54.8,10.8,24.8,18.7,56.7,157.7,4.7
2026/5/21 5:28,2026/5/21 14:28,2026/5/21 14:28,2026/5/21 14:28,34.142023,133.145888,34,08.521,N,133,08.753,E,55.8,10.8,24.6,18.6,57,,
2026/5/21 5:29,2026/5/21 14:29,2026/5/21 14:29,2026/5/21 14:29,34.143737,133.14894,34,08.624,N,133,08.936,E,55.4,10.8,24.6,18.4,56.4,145.5,2.6
2026/5/21 5:30,2026/5/21 14:30,2026/5/21 14:30,2026/5/21 14:30,34.145468,133.151877,34,08.728,N,133,09.113,E,52.3,10.8,24.5,18.5,48.4,120.2,1.9
2026/5/21 5:31,2026/5/21 14:31,2026/5/21 14:31,2026/5/21 14:31,34.14771,133.15426,34,08.863,N,133,09.256,E,36.5,10.6,24.1,18,37.4,130.9,2.8
2026/5/21 5:32,2026/5/21 14:32,2026/5/21 14:32,2026/5/21 14:32,34.15026,133.156,34,09.016,N,133,09.360,E,25.9,10.5,23.4,17.8,27.1,122.6,3.5
2026/5/21 5:33,2026/5/21 14:33,2026/5/21 14:33,2026/5/21 14:33,34.153025,133.157343,34,09.182,N,133,09.441,E,18,10.6,22.7,17.8,16.9,111.1,3.8
2026/5/21 5:34,2026/5/21 14:34,2026/5/21 14:34,2026/5/21 14:34,34.155928,133.158055,34,09.356,N,133,09.483,E,9.2,10.7,21.6,17.9,8.3,,
2026/5/21 5:35,2026/5/21 14:35,2026/5/21 14:35,2026/5/21 14:35,34.158747,133.158425,34,09.525,N,133,09.506,E,5.5,9.3,20.9,17.9,5.7,,
2026/5/21 5:36,2026/5/21 14:36,2026/5/21 14:36,2026/5/21 14:36,34.16092,133.158678,34,09.655,N,133,09.521,E,5.5,7.3,20.7,17.8,6.4,,
2026/5/21 5:37,2026/5/21 14:37,2026/5/21 14:37,2026/5/21 14:37,34.16276,133.158905,34,09.766,N,133,09.534,E,5.1,6.5,20.1,17.9,5.9,122.7,2.4
2026/5/21 5:38,2026/5/21 14:38,2026/5/21 14:38,2026/5/21 14:38,34.164463,133.159108,34,09.868,N,133,09.546,E,6.1,6.1,19.6,17.8,7.3,122.2,3.9
2026/5/21 5:39,2026/5/21 14:39,2026/5/21 14:39,2026/5/21 14:39,34.166138,133.159368,34,09.968,N,133,09.562,E,8.1,6,19.3,17.6,8.8,134.6,3.4
2026/5/21 5:40,2026/5/21 14:40,2026/5/21 14:40,2026/5/21 14:40,34.167803,133.159678,34,10.068,N,133,09.581,E,9.1,5.9,19.4,17.5,8.8,120.3,2.5
2026/5/21 5:41,2026/5/21 14:41,2026/5/21 14:41,2026/5/21 14:41,34.169437,133.160003,34,10.166,N,133,09.600,E,8.9,5.9,20.1,17.7,8.1,137.8,2.6
2026/5/21 5:42,2026/5/21 14:42,2026/5/21 14:42,2026/5/21 14:42,34.170958,133.160268,34,10.257,N,133,09.616,E,8.5,5.2,21.5,17.7,7.6,131.8,4.3
2026/5/21 5:43,2026/5/21 14:43,2026/5/21 14:43,2026/5/21 14:43,34.172325,133.160503,34,10.34,N,133,09.630,E,8,4.8,23.7,18.1,7.4,130.2,3.8
2026/5/21 5:44,2026/5/21 14:44,2026/5/21 14:44,2026/5/21 14:44,34.1736,133.160727,34,10.416,N,133,09.644,E,8,4.5,26,18.2,7.4,132.3,5.6
2026/5/21 5:45,2026/5/21 14:45,2026/5/21 14:45,2026/5/21 14:45,34.174832,133.160943,34,10.49,N,133,09.657,E,8.3,4.5,27.9,17.9,7.6,128,5.4
2026/5/21 5:46,2026/5/21 14:46,2026/5/21 14:46,2026/5/21 14:46,34.176065,133.16118,34,10.564,N,133,09.671,E,8.8,4.5,31.3,17.8,7.4,133.1,6.3
2026/5/21 5:47,2026/5/21 14:47,2026/5/21 14:47,2026/5/21 14:47,34.177282,133.161415,34,10.637,N,133,09.685,E,8.8,4.5,37.7,17.7,6.8,132.3,6.3
2026/5/21 5:48,2026/5/21 14:48,2026/5/21 14:48,2026/5/21 14:48,34.178535,133.161635,34,10.712,N,133,09.698,E,8.2,4.5,42.5,17.6,5.9,117.8,5.4
2026/5/21 5:49,2026/5/21 14:49,2026/5/21 14:49,2026/5/21 14:49,34.179763,133.161828,34,10.786,N,133,09.710,E,7.4,4.5,44.7,17.7,6.1,128.7,6.7
2026/5/21 5:50,2026/5/21 14:50,2026/5/21 14:50,2026/5/21 14:50,34.181035,133.162048,34,10.862,N,133,09.723,E,8.5,4.5,45.2,17.7,6.7,130.7,5.3
2026/5/21 5:51,2026/5/21 14:51,2026/5/21 14:51,2026/5/21 14:51,34.182282,133.162275,34,10.937,N,133,09.737,E,8.6,4.4,44.8,17.7,6.8,134.5,6.5
2026/5/21 5:52,2026/5/21 14:52,2026/5/21 14:52,2026/5/21 14:52,34.183518,133.162512,34,11.011,N,133,09.751,E,8.8,4.4,44.8,17.6,6.2,130.6,6.3
2026/5/21 5:53,2026/5/21 14:53,2026/5/21 14:53,2026/5/21 14:53,34.184745,133.162738,34,11.085,N,133,09.764,E,8.3,4.4,43.4,17.6,5.6,139.6,5.7
2026/5/21 5:54,2026/5/21 14:54,2026/5/21 14:54,2026/5/21 14:54,34.185945,133.16294,34,11.157,N,133,09.776,E,8.1,4.3,53.3,17.6,5.3,135.3,6.6
2026/5/21 5:55,2026/5/21 14:55,2026/5/21 14:55,2026/5/21 14:55,34.187118,133.163148,34,11.227,N,133,09.789,E,9.6,4.3,62.1,17.6,10.6,140.3,4.5
2026/5/21 5:56,2026/5/21 14:56,2026/5/21 14:56,2026/5/21 14:56,34.188242,133.163627,34,11.295,N,133,09.818,E,24.4,4.3,66.6,17.6,26.2,147.9,5.9
2026/5/21 5:57,2026/5/21 14:57,2026/5/21 14:57,2026/5/21 14:57,34.189343,133.16433,34,11.361,N,133,09.860,E,29.7,4.4,68,17.7,31.4,155.5,6
2026/5/21 5:58,2026/5/21 14:58,2026/5/21 14:58,2026/5/21 14:58,34.190378,133.165138,34,11.423,N,133,09.908,E,33.8,4.5,65.7,17.7,32.8,172.2,6.8
2026/5/21 5:59,2026/5/21 14:59,2026/5/21 14:59,2026/5/21 14:59,34.191423,133.165993,34,11.485,N,133,09.960,E,34.3,4.5,62.3,17.7,33.2,170.9,6
2026/5/21 6:00,2026/5/21 15:00,2026/5/21 15:00,2026/5/21 15:00,34.192513,133.166825,34,11.551,N,133,10.009,E,30.6,4.6,58,17.7,28.8,161.5,5.8
2026/5/21 6:01,2026/5/21 15:01,2026/5/21 15:01,2026/5/21 15:01,34.19362,133.167597,34,11.617,N,133,10.056,E,30,4.6,54.4,17.7,28.5,150.2,5.1
2026/5/21 6:02,2026/5/21 15:02,2026/5/21 15:02,2026/5/21 15:02,34.194735,133.168365,34,11.684,N,133,10.102,E,29.2,4.6,52,17.6,26.8,162.8,4.3
2026/5/21 6:03,2026/5/21 15:03,2026/5/21 15:03,2026/5/21 15:03,34.195963,133.168872,34,11.758,N,133,10.132,E,13.1,4.5,51.2,17.6,4.5,138.3,4.4
2026/5/21 6:04,2026/5/21 15:04,2026/5/21 15:04,2026/5/21 15:04,34.1972,133.169042,34,11.832,N,133,10.143,E,5.3,4.4,47.5,17.6,359.8,130.6,3.8
2026/5/21 6:05,2026/5/21 15:05,2026/5/21 15:05,2026/5/21 15:05,34.198455,133.169168,34,11.907,N,133,10.15,E,4.6,4.5,42.5,17.6,359.7,129.2,0.9
2026/5/21 6:06,2026/5/21 15:06,2026/5/21 15:06,2026/5/21 15:06,34.199742,133.169275,34,11.985,N,133,10.157,E,4.1,4.6,35.8,17.6,0.1,125,1.5
2026/5/21 6:07,2026/5/21 15:07,2026/5/21 15:07,2026/5/21 15:07,34.201045,133.169405,34,12.063,N,133,10.164,E,4.1,4.7,31.4,17.6,0,128,3.1
2026/5/21 6:08,2026/5/21 15:08,2026/5/21 15:08,2026/5/21 15:08,34.202368,133.169502,34,12.142,N,133,10.17,E,3.1,4.7,22.6,17.6,359.5,118.8,3.7
2026/5/21 6:09,2026/5/21 15:09,2026/5/21 15:09,2026/5/21 15:09,34.203677,133.169568,34,12.221,N,133,10.174,E,2.2,4.7,15.2,17.6,359.5,134.8,3.4
2026/5/21 6:10,2026/5/21 15:10,2026/5/21 15:10,2026/5/21 15:10,34.204977,133.16961,34,12.299,N,133,10.177,E,1.1,4.6,13.3,17.6,359.6,127.5,2.6
2026/5/21 6:11,2026/5/21 15:11,2026/5/21 15:11,2026/5/21 15:11,34.20625,133.169657,34,12.375,N,133,10.179,E,1.1,4.6,16.9,17.6,0.1,129.6,2.2
2026/5/21 6:12,2026/5/21 15:12,2026/5/21 15:12,2026/5/21 15:12,34.207522,133.169673,34,12.451,N,133,10.18,E,359.8,4.5,28.4,17.6,359.7,134.1,5.7
2026/5/21 6:13,2026/5/21 15:13,2026/5/21 15:13,2026/5/21 15:13,34.208773,133.169632,34,12.526,N,133,10.178,E,358.9,4.4,25.2,17.6,0.1,141.9,3.4
2026/5/21 6:14,2026/5/21 15:14,2026/5/21 15:14,2026/5/21 15:14,34.210035,133.169555,34,12.602,N,133,10.173,E,356.3,4.4,31.9,17.6,359.5,133.6,3.4
2026/5/21 6:15,2026/5/21 15:15,2026/5/21 15:15,2026/5/21 15:15,34.211248,133.169398,34,12.675,N,133,10.164,E,351.5,4.3,36.1,17.8,358.7,144.5,5.4
2026/5/21 6:16,2026/5/21 15:16,2026/5/21 15:16,2026/5/21 15:16,34.212437,133.169153,34,12.746,N,133,10.149,E,349.9,4.3,42.1,17.8,0,142.3,7.3
2026/5/21 6:17,2026/5/21 15:17,2026/5/21 15:17,2026/5/21 15:17,34.213618,133.168905,34,12.817,N,133,10.134,E,349.9,4.3,46.9,17.8,0.3,142.2,8.9
2026/5/21 6:18,2026/5/21 15:18,2026/5/21 15:18,2026/5/21 15:18,34.214813,133.16865,34,12.889,N,133,10.119,E,349.9,4.3,52.7,17.8,0.4,145.1,8.5
2026/5/21 6:19,2026/5/21 15:19,2026/5/21 15:19,2026/5/21 15:19,34.21602,133.168407,34,12.961,N,133,10.104,E,350.4,4.3,54.1,17.8,0.7,144.9,6.7
2026/5/21 6:20,2026/5/21 15:20,2026/5/21 15:20,2026/5/21 15:20,34.217225,133.16818,34,13.034,N,133,10.091,E,350.6,4.3,49.4,17.9,0.2,143.3,7.2
2026/5/21 6:21,2026/5/21 15:21,2026/5/21 15:21,2026/5/21 15:21,34.21839,133.16795,34,13.103,N,133,10.077,E,351.6,4.3,44.3,17.9,0.9,139.2,5.4
2026/5/21 6:22,2026/5/21 15:22,2026/5/21 15:22,2026/5/21 15:22,34.219583,133.16777,34,13.175,N,133,10.066,E,355.2,4.3,42.4,17.9,5.9,147.5,4.5
2026/5/21 6:23,2026/5/21 15:23,2026/5/21 15:23,2026/5/21 15:23,34.220778,133.16771,34,13.247,N,133,10.063,E,357.1,4.3,41.7,17.9,5.3,144.8,8
2026/5/21 6:24,2026/5/21 15:24,2026/5/21 15:24,2026/5/21 15:24,34.222077,133.16763,34,13.325,N,133,10.058,E,356.5,4.8,43.4,18.4,6.9,143.8,8.9
2026/5/21 6:25,2026/5/21 15:25,2026/5/21 15:25,2026/5/21 15:25,34.223512,133.167643,34,13.411,N,133,10.059,E,2.5,5.3,46.9,18.4,10.9,154.5,5.7
2026/5/21 6:26,2026/5/21 15:26,2026/5/21 15:26,2026/5/21 15:26,34.225047,133.167922,34,13.503,N,133,10.075,E,12.3,5.4,50.3,18.4,21.9,150.9,6.3
2026/5/21 6:27,2026/5/21 15:27,2026/5/21 15:27,2026/5/21 15:27,34.226502,133.168485,34,13.59,N,133,10.109,E,18.1,5.5,57.1,18.3,25.3,,
2026/5/21 6:28,2026/5/21 15:28,2026/5/21 15:28,2026/5/21 15:28,34.228015,133.169087,34,13.681,N,133,10.145,E,18.6,5.7,48.4,18.3,26,164.7,7.8
2026/5/21 6:29,2026/5/21 15:29,2026/5/21 15:29,2026/5/21 15:29,34.229527,133.169837,34,13.772,N,133,10.19,E,24.7,5.9,39.5,18.1,30.8,,
2026/5/21 6:30,2026/5/21 15:30,2026/5/21 15:30,2026/5/21 15:30,34.231017,133.170758,34,13.861,N,133,10.245,E,28.1,6,39.5,17.9,31.2,,
2026/5/21 6:31,2026/5/21 15:31,2026/5/21 15:31,2026/5/21 15:31,34.232483,133.171772,34,13.949,N,133,10.306,E,29,5.9,28.7,17.9,29.7,156.9,3.5
2026/5/21 6:32,2026/5/21 15:32,2026/5/21 15:32,2026/5/21 15:32,34.233912,133.17271,34,14.035,N,133,10.363,E,28.5,5.7,19.3,17.9,30.4,159.6,4.2
2026/5/21 6:33,2026/5/21 15:33,2026/5/21 15:33,2026/5/21 15:33,34.235288,133.173633,34,14.117,N,133,10.418,E,29.6,5.6,18.5,17.9,30.7,142.6,3.5
2026/5/21 6:34,2026/5/21 15:34,2026/5/21 15:34,2026/5/21 15:34,34.236612,133.17456,34,14.197,N,133,10.474,E,29.2,5.5,23,17.9,26.9,162.2,3.5
2026/5/21 6:35,2026/5/21 15:35,2026/5/21 15:35,2026/5/21 15:35,34.238022,133.175218,34,14.281,N,133,10.513,E,20.4,5.4,28.3,17.8,18.5,151.1,4.1
2026/5/21 6:36,2026/5/21 15:36,2026/5/21 15:36,2026/5/21 15:36,34.239492,133.175665,34,14.37,N,133,10.54,E,10.8,5.5,32.8,17.8,5.9,123.9,3.1
2026/5/21 6:37,2026/5/21 15:37,2026/5/21 15:37,2026/5/21 15:37,34.241018,133.175675,34,14.461,N,133,10.541,E,358.2,5.4,31.6,17.8,354.6,132.8,2.1
2026/5/21 6:38,2026/5/21 15:38,2026/5/21 15:38,2026/5/21 15:38,34.242535,133.175578,34,14.552,N,133,10.535,E,356.6,5.4,29,17.9,355.1,109,3.1
2026/5/21 6:39,2026/5/21 15:39,2026/5/21 15:39,2026/5/21 15:39,34.24395,133.17548,34,14.637,N,133,10.529,E,356.6,5.1,27.6,17.9,355.3,115.8,3.8
2026/5/21 6:40,2026/5/21 15:40,2026/5/21 15:40,2026/5/21 15:40,34.24549,133.175347,34,14.729,N,133,10.521,E,356,5.9,24.6,17.9,355.6,117.2,4.1
2026/5/21 6:41,2026/5/21 15:41,2026/5/21 15:41,2026/5/21 15:41,34.247278,133.17521,34,14.837,N,133,10.513,E,355.8,6.8,20.1,17.9,355.2,110.9,4.9
2026/5/21 6:42,2026/5/21 15:42,2026/5/21 15:42,2026/5/21 15:42,34.249273,133.175035,34,14.956,N,133,10.502,E,355,7.1,19,17.9,355.3,,
2026/5/21 6:43,2026/5/21 15:43,2026/5/21 15:43,2026/5/21 15:43,34.25113,133.175332,34,15.068,N,133,10.52,E,21.9,6.3,28.4,18,39,124.5,3.3
2026/5/21 6:44,2026/5/21 15:44,2026/5/21 15:44,2026/5/21 15:44,34.25236,133.176718,34,15.142,N,133,10.603,E,51.7,5.9,27.6,18,61.6,191.5,4.7
2026/5/21 6:45,2026/5/21 15:45,2026/5/21 15:45,2026/5/21 15:45,34.253152,133.178437,34,15.189,N,133,10.706,E,62.8,5.9,26.8,18,65.1,194.8,5.9
2026/5/21 6:46,2026/5/21 15:46,2026/5/21 15:46,2026/5/21 15:46,34.253973,133.180177,34,15.238,N,133,10.811,E,60.6,5.9,15.6,18.2,63.9,193.5,5
2026/5/21 6:47,2026/5/21 15:47,2026/5/21 15:47,2026/5/21 15:47,34.254757,133.181908,34,15.285,N,133,10.914,E,61.1,5.8,16.2,18.2,61.7,,
2026/5/21 6:48,2026/5/21 15:48,2026/5/21 15:48,2026/5/21 15:48,34.255577,133.183593,34,15.335,N,133,11.016,E,59.7,5.8,20.8,18.2,60.7,193,4.5
2026/5/21 6:49,2026/5/21 15:49,2026/5/21 15:49,2026/5/21 15:49,34.256315,133.185332,34,15.379,N,133,11.12,E,64,5.8,26.7,18.1,61.4,188.5,5.1
2026/5/21 6:50,2026/5/21 15:50,2026/5/21 15:50,2026/5/21 15:50,34.25708,133.187077,34,15.425,N,133,11.225,E,60,5.8,31.4,18.1,55.7,,
2026/5/21 6:51,2026/5/21 15:51,2026/5/21 15:51,2026/5/21 15:51,34.257885,133.188765,34,15.473,N,133,11.326,E,60.4,5.8,29.4,18.1,54.5,185.9,3.1
2026/5/21 6:52,2026/5/21 15:52,2026/5/21 15:52,2026/5/21 15:52,34.258755,133.190417,34,15.525,N,133,11.425,E,57.2,5.9,26.7,18.2,54.7,184.2,6
2026/5/21 6:53,2026/5/21 15:53,2026/5/21 15:53,2026/5/21 15:53,34.259703,133.192148,34,15.582,N,133,11.529,E,56.5,6.1,10.2,18.2,59.2,163.3,1.5
2026/5/21 6:54,2026/5/21 15:54,2026/5/21 15:54,2026/5/21 15:54,34.260188,133.194168,34,15.611,N,133,11.65,E,84,6.2,17.1,18.2,91.5,,
2026/5/21 6:55,2026/5/21 15:55,2026/5/21 15:55,2026/5/21 15:55,34.25958,133.195985,34,15.575,N,133,11.759,E,121.6,5.8,23.1,18.2,124.9,237.8,5.2
2026/5/21 6:56,2026/5/21 15:56,2026/5/21 15:56,2026/5/21 15:56,34.258513,133.197323,34,15.511,N,133,11.839,E,139.4,5.3,13.9,18.4,140.7,,
2026/5/21 6:57,2026/5/21 15:57,2026/5/21 15:57,2026/5/21 15:57,34.257475,133.19833,34,15.449,N,133,11.9,E,142.3,4.5,13.3,18.4,140.1,265.2,6
2026/5/21 6:58,2026/5/21 15:58,2026/5/21 15:58,2026/5/21 15:58,34.256607,133.199153,34,15.396,N,133,11.949,E,140.5,3.6,19.9,18.4,139.4,,
2026/5/21 6:59,2026/5/21 15:59,2026/5/21 15:59,2026/5/21 15:59,34.255935,133.199817,34,15.356,N,133,11.989,E,139.4,2.8,23.5,18.4,140.6,,
2026/5/21 7:00,2026/5/21 16:00,2026/5/21 16:00,2026/5/21 16:00,34.255458,133.200405,34,15.327,N,133,12.024,E,133.8,2.2,23.1,18.3,139.8,,
2026/5/21 7:01,2026/5/21 16:01,2026/5/21 16:01,2026/5/21 16:01,34.25504,133.200803,34,15.302,N,133,12.048,E,148.2,1.7,19.3,18.5,158.6,,
2026/5/21 7:02,2026/5/21 16:02,2026/5/21 16:02,2026/5/21 16:02,34.254677,133.200952,34,15.281,N,133,12.057,E,167.8,1.1,14.5,18.5,175.8,,
2026/5/21 7:03,2026/5/21 16:03,2026/5/21 16:03,2026/5/21 16:03,34.254412,133.200962,34,15.265,N,133,12.058,E,182.2,0.8,8.9,18.6,183.8,,
2026/5/21 7:04,2026/5/21 16:04,2026/5/21 16:04,2026/5/21 16:04,34.254262,133.200925,34,15.256,N,133,12.056,E,198.6,0.4,10.7,18.6,187.1,301.2,4.2
2026/5/21 7:05,2026/5/21 16:05,2026/5/21 16:05,2026/5/21 16:05,34.254245,133.20091,34,15.255,N,133,12.055,E,197.6,0,11,18.6,201.8,,
2026/5/21 7:06,2026/5/21 16:06,2026/5/21 16:06,2026/5/21 16:06,34.25424,133.200945,34,15.254,N,133,12.057,E,115.9,0.1,11,18.6,205.1,333.7,3.8
2026/5/21 7:07,2026/5/21 16:07,2026/5/21 16:07,2026/5/21 16:07,34.254193,133.200967,34,15.252,N,133,12.058,E,176.6,0.1,10,18.6,204.5,,
2026/5/21 7:08,2026/5/21 16:08,2026/5/21 16:08,2026/5/21 16:08,34.254165,133.200962,34,15.25,N,133,12.058,E,165,0,10,18.7,206.4,,
2026/5/21 7:09,2026/5/21 16:09,2026/5/21 16:09,2026/5/21 16:09,34.254168,133.200978,34,15.25,N,133,12.059,E,81.9,0,9.8,18.7,205.6,,
2026/5/21 7:10,2026/5/21 16:10,2026/5/21 16:10,2026/5/21 16:10,34.254135,133.200973,34,15.248,N,133,12.058,E,216.6,0.2,9.9,18.7,203.8,,
2026/5/21 7:11,2026/5/21 16:11,2026/5/21 16:11,2026/5/21 16:11,34.254127,133.200975,34,15.248,N,133,12.059,E,170.2,0.1,9.8,18.7,204.9,,
2026/5/21 7:12,2026/5/21 16:12,2026/5/21 16:12,2026/5/21 16:12,34.254122,133.20097,34,15.247,N,133,12.058,E,119.5,0,9.9,18.6,205.1,,
2026/5/21 7:13,2026/5/21 16:13,2026/5/21 16:13,2026/5/21 16:13,34.254125,133.20097,34,15.248,N,133,12.058,E,119.5,0,9.9,18.7,205.1,,
2026/5/21 7:14,2026/5/21 16:14,2026/5/21 16:14,2026/5/21 16:14,34.254128,133.200978,34,15.248,N,133,12.059,E,119.5,0,10,18.6,205.1,,
2026/5/21 7:15,2026/5/21 16:15,2026/5/21 16:15,2026/5/21 16:15,34.254128,133.20097,34,15.248,N,133,12.058,E,119.5,0,,18.7,205.2,,
2026/5/21 7:16,2026/5/21 16:16,2026/5/21 16:16,2026/5/21 16:16,34.254135,133.20097,34,15.248,N,133,12.058,E,119.5,0,,18.7,205.2,,
2026/5/21 7:17,2026/5/21 16:17,2026/5/21 16:17,2026/5/21 16:17,34.254142,133.200977,34,15.249,N,133,12.059,E,119.5,0,,18.6,205.3,,
2026/5/21 7:18,2026/5/21 16:18,2026/5/21 16:18,2026/5/21 16:18,34.254135,133.200973,34,15.248,N,133,12.058,E,119.5,0,,18.7,205.3,,
2026/5/21 7:19,2026/5/21 16:19,2026/5/21 16:19,2026/5/21 16:19,34.25414,133.200963,34,15.248,N,133,12.058,E,119.5,0,,18.6,205.3,,
2026/5/21 7:20,2026/5/21 16:20,2026/5/21 16:20,2026/5/21 16:20,34.25414,133.200963,34,15.248,N,133,12.058,E,119.5,0,,18.6,205.3,,
2026/5/21 7:21,2026/5/21 16:21,2026/5/21 16:21,2026/5/21 16:21,34.25413,133.200973,34,15.248,N,133,12.058,E,119.5,0,,18.6,205.3,,
2026/5/21 7:22,2026/5/21 16:22,2026/5/21 16:22,2026/5/21 16:22,34.254125,133.200963,34,15.248,N,133,12.058,E,119.5,0,,,205.2,,
2026/5/21 7:23,2026/5/21 16:23,2026/5/21 16:23,2026/5/21 16:23,34.25413,133.200953,34,15.248,N,133,12.057,E,119.5,0,,,205.2,,
2026/5/21 7:24,2026/5/21 16:24,2026/5/21 16:24,2026/5/21 16:24,34.254123,133.20095,34,15.247,N,133,12.057,E,119.5,0,,,205.2,,
2026/5/21 7:25,2026/5/21 16:25,2026/5/21 16:25,2026/5/21 16:25,34.254123,133.200952,34,15.247,N,133,12.057,E,119.5,0,,,205.2,,
2026/5/21 7:26,2026/5/21 16:26,2026/5/21 16:26,2026/5/21 16:26,34.254138,133.200963,34,15.248,N,133,12.058,E,119.5,0,,,205.2,,
2026/5/21 7:27,2026/5/21 16:27,2026/5/21 16:27,2026/5/21 16:27,34.254135,133.200968,34,15.248,N,133,12.058,E,119.5,0,,,205.2,,
2026/5/21 7:28,2026/5/21 16:28,2026/5/21 16:28,2026/5/21 16:28,34.254127,133.20097,34,15.248,N,133,12.058,E,119.5,0,,,205.2,,
2026/5/21 7:29,2026/5/21 16:29,2026/5/21 16:29,2026/5/21 16:29,34.254133,133.200972,34,15.248,N,133,12.058,E,119.5,0,,,205.2,,
2026/5/21 7:30,2026/5/21 16:30,2026/5/21 16:30,2026/5/21 16:30,34.254122,133.200965,34,15.247,N,133,12.058,E,119.5,0,,,205.2,,
2026/5/21 7:31,2026/5/21 16:31,2026/5/21 16:31,2026/5/21 16:31,34.254118,133.200967,34,15.247,N,133,12.058,E,119.5,0,,,205.2,,
2026/5/21 7:32,2026/5/21 16:32,2026/5/21 16:32,2026/5/21 16:32,34.254117,133.20097,34,15.247,N,133,12.058,E,119.5,0,,,205.2,,
2026/5/21 7:33,2026/5/21 16:33,2026/5/21 16:33,2026/5/21 16:33,34.254125,133.20097,34,15.248,N,133,12.058,E,119.5,0,,,205.2,,
2026/5/21 7:34,2026/5/21 16:34,2026/5/21 16:34,2026/5/21 16:34,34.254117,133.200975,34,15.247,N,133,12.059,E,119.5,0,,,205.1,,
2026/5/21 7:35,2026/5/21 16:35,2026/5/21 16:35,2026/5/21 16:35,34.254122,133.20098,34,15.247,N,133,12.059,E,119.5,0,,,205.1,,
2026/5/21 7:36,2026/5/21 16:36,2026/5/21 16:36,2026/5/21 16:36,34.254127,133.200993,34,15.248,N,133,12.06,E,119.5,0,,,205.1,,
2026/5/21 7:37,2026/5/21 16:37,2026/5/21 16:37,2026/5/21 16:37,34.254117,133.200992,34,15.247,N,133,12.06,E,119.5,0,,,205.1,,
2026/5/21 7:38,2026/5/21 16:38,2026/5/21 16:38,2026/5/21 16:38,34.254113,133.200985,34,15.247,N,133,12.059,E,119.5,0,,,205.1,,
2026/5/21 7:39,2026/5/21 16:39,2026/5/21 16:39,2026/5/21 16:39,34.254105,133.200975,34,15.246,N,133,12.059,E,119.5,0,,,205.1,,
2026/5/21 7:40,2026/5/21 16:40,2026/5/21 16:40,2026/5/21 16:40,34.254107,133.20098,34,15.246,N,133,12.059,E,119.5,0,,,205.1,,
2026/5/21 7:41,2026/5/21 16:41,2026/5/21 16:41,2026/5/21 16:41,34.254097,133.200985,34,15.246,N,133,12.059,E,119.5,0,,,205.1,,
2026/5/21 7:42,2026/5/21 16:42,2026/5/21 16:42,2026/5/21 16:42,34.254107,133.200977,34,15.246,N,133,12.059,E,119.5,0,,,205.1,,
2026/5/21 7:43,2026/5/21 16:43,2026/5/21 16:43,2026/5/21 16:43,34.254117,133.20097,34,15.247,N,133,12.058,E,119.5,0,,,205.1,,
2026/5/21 7:44,2026/5/21 16:44,2026/5/21 16:44,2026/5/21 16:44,34.254117,133.200967,34,15.247,N,133,12.058,E,119.5,0,,,205,,
2026/5/21 7:45,2026/5/21 16:45,2026/5/21 16:45,2026/5/21 16:45,34.254122,133.200963,34,15.247,N,133,12.058,E,119.5,0,,,205,,
2026/5/21 7:46,2026/5/21 16:46,2026/5/21 16:46,2026/5/21 16:46,34.254113,133.20097,34,15.247,N,133,12.058,E,119.5,0,,,205,,
2026/5/21 7:47,2026/5/21 16:47,2026/5/21 16:47,2026/5/21 16:47,34.254112,133.20097,34,15.247,N,133,12.058,E,119.5,0,,,205,,
2026/5/21 7:48,2026/5/21 16:48,2026/5/21 16:48,2026/5/21 16:48,34.254113,133.20097,34,15.247,N,133,12.058,E,119.5,0,,,205,,
2026/5/21 7:49,2026/5/21 16:49,2026/5/21 16:49,2026/5/21 16:49,34.254117,133.200972,34,15.247,N,133,12.058,E,119.5,0,,,205,,
2026/5/21 7:50,2026/5/21 16:50,2026/5/21 16:50,2026/5/21 16:50,34.25412,133.200967,34,15.247,N,133,12.058,E,119.5,0,,,205,,
2026/5/21 7:51,2026/5/21 16:51,2026/5/21 16:51,2026/5/21 16:51,34.254117,133.20096,34,15.247,N,133,12.058,E,119.5,0,,,205,,
2026/5/21 7:52,2026/5/21 16:52,2026/5/21 16:52,2026/5/21 16:52,34.254125,133.20097,34,15.248,N,133,12.058,E,119.5,0,,,205,,
2026/5/21 7:53,2026/5/21 16:53,2026/5/21 16:53,2026/5/21 16:53,34.254135,133.200975,34,15.248,N,133,12.059,E,119.5,0,,,205,,
2026/5/21 7:54,2026/5/21 16:54,2026/5/21 16:54,2026/5/21 16:54,34.254148,133.200967,34,15.249,N,133,12.058,E,119.5,0,,,204.9,,
2026/5/21 7:55,2026/5/21 16:55,2026/5/21 16:55,2026/5/21 16:55,34.25415,133.200967,34,15.249,N,133,12.058,E,119.5,0,,,204.9,,
2026/5/21 7:56,2026/5/21 16:56,2026/5/21 16:56,2026/5/21 16:56,34.254153,133.20097,34,15.249,N,133,12.058,E,119.5,0,,,204.9,,
2026/5/21 7:57,2026/5/21 16:57,2026/5/21 16:57,2026/5/21 16:57,34.254138,133.200972,34,15.248,N,133,12.058,E,119.5,0,,,204.9,,
2026/5/21 7:58,2026/5/21 16:58,2026/5/21 16:58,2026/5/21 16:58,34.254145,133.200968,34,15.249,N,133,12.058,E,119.5,0,,,204.9,,
2026/5/21 7:59,2026/5/21 16:59,2026/5/21 16:59,2026/5/21 16:59,34.254132,133.200965,34,15.248,N,133,12.058,E,119.5,0,,,204.9,,
2026/5/21 8:00,2026/5/21 17:00,2026/5/21 17:00,2026/5/21 17:00,34.254122,133.20097,34,15.247,N,133,12.058,E,119.5,0,,,204.9,,
